Copyright 1986-2020 Xilinx, Inc. All Rights Reserved.
--------------------------------------------------------------------------------------------------------------------------------------------------------------------------------
| Tool Version : Vivado v.2020.2 (win64) Build 3064766 Wed Nov 18 09:12:45 MST 2020
| Date         : Thu Apr 16 13:28:02 2026
| Host         : Littlebanbrick running 64-bit major release  (build 9200)
| Command      : report_timing_summary -max_paths 10 -file top_timing_summary_routed.rpt -pb top_timing_summary_routed.pb -rpx top_timing_summary_routed.rpx -warn_on_violation
| Design       : top
| Device       : 7k160t-ffg676
| Speed File   : -2L  PRODUCTION 1.12 2017-02-17
--------------------------------------------------------------------------------------------------------------------------------------------------------------------------------

Timing Summary Report

------------------------------------------------------------------------------------------------
| Timer Settings
| --------------
------------------------------------------------------------------------------------------------

  Enable Multi Corner Analysis               :  Yes
  Enable Pessimism Removal                   :  Yes
  Pessimism Removal Resolution               :  Nearest Common Node
  Enable Input Delay Default Clock           :  No
  Enable Preset / Clear Arcs                 :  No
  Disable Flight Delays                      :  No
  Ignore I/O Paths                           :  No
  Timing Early Launch at Borrowing Latches   :  No
  Borrow Time for Max Delay Exceptions       :  Yes
  Merge Timing Exceptions                    :  Yes

  Corner  Analyze    Analyze    
  Name    Max Paths  Min Paths  
  ------  ---------  ---------  
  Slow    Yes        Yes        
  Fast    Yes        Yes        



check_timing report

Table of Contents
-----------------
1. checking no_clock (16)
2. checking constant_clock (0)
3. checking pulse_width_clock (0)
4. checking unconstrained_internal_endpoints (16)
5. checking no_input_delay (0)
6. checking no_output_delay (12)
7. checking multiple_clock (0)
8. checking generated_clocks (0)
9. checking loops (0)
10. checking partial_input_delay (0)
11. checking partial_output_delay (0)
12. checking latch_loops (0)

1. checking no_clock (16)
-------------------------
 There are 4 register/latch pins with no clock driven by root clock pin: btn[0] (HIGH)

 There are 4 register/latch pins with no clock driven by root clock pin: btn[1] (HIGH)

 There are 4 register/latch pins with no clock driven by root clock pin: btn[2] (HIGH)

 There are 4 register/latch pins with no clock driven by root clock pin: btn[3] (HIGH)


2. checking constant_clock (0)
------------------------------
 There are 0 register/latch pins with constant_clock.


3. checking pulse_width_clock (0)
---------------------------------
 There are 0 register/latch pins which need pulse_width check


4. checking unconstrained_internal_endpoints (16)
-------------------------------------------------
 There are 16 pins that are not constrained for maximum delay. (HIGH)

 There are 0 pins that are not constrained for maximum delay due to constant clock.


5. checking no_input_delay (0)
------------------------------
 There are 0 input ports with no input delay specified.

 There are 0 input ports with no input delay but user has a false path constraint.


6. checking no_output_delay (12)
--------------------------------
 There are 12 ports with no output delay specified. (HIGH)

 There are 0 ports with no output delay but user has a false path constraint

 There are 0 ports with no output delay but with a timing clock defined on it or propagating through it


7. checking multiple_clock (0)
------------------------------
 There are 0 register/latch pins with multiple clocks.


8. checking generated_clocks (0)
--------------------------------
 There are 0 generated clocks that are not connected to a clock source.


9. checking loops (0)
---------------------
 There are 0 combinational loops in the design.


10. checking partial_input_delay (0)
------------------------------------
 There are 0 input ports with partial input delay specified.


11. checking partial_output_delay (0)
-------------------------------------
 There are 0 ports with partial output delay specified.


12. checking latch_loops (0)
----------------------------
 There are 0 combinational latch loops in the design through latch input



------------------------------------------------------------------------------------------------
| Design Timing Summary
| ---------------------
------------------------------------------------------------------------------------------------

    WNS(ns)      TNS(ns)  TNS Failing Endpoints  TNS Total Endpoints      WHS(ns)      THS(ns)  THS Failing Endpoints  THS Total Endpoints     WPWS(ns)     TPWS(ns)  TPWS Failing Endpoints  TPWS Total Endpoints  
    -------      -------  ---------------------  -------------------      -------      -------  ---------------------  -------------------     --------     --------  ----------------------  --------------------  
      8.788        0.000                      0                   19        0.208        0.000                      0                   19        4.650        0.000                       0                    20  


All user specified timing constraints are met.


------------------------------------------------------------------------------------------------
| Clock Summary
| -------------
------------------------------------------------------------------------------------------------

Clock  Waveform(ns)       Period(ns)      Frequency(MHz)
-----  ------------       ----------      --------------
clk    {0.000 5.000}      10.000          100.000         


------------------------------------------------------------------------------------------------
| Intra Clock Table
| -----------------
------------------------------------------------------------------------------------------------

Clock             WNS(ns)      TNS(ns)  TNS Failing Endpoints  TNS Total Endpoints      WHS(ns)      THS(ns)  THS Failing Endpoints  THS Total Endpoints     WPWS(ns)     TPWS(ns)  TPWS Failing Endpoints  TPWS Total Endpoints  
-----             -------      -------  ---------------------  -------------------      -------      -------  ---------------------  -------------------     --------     --------  ----------------------  --------------------  
clk                 8.788        0.000                      0                   19        0.208        0.000                      0                   19        4.650        0.000                       0                    20  


------------------------------------------------------------------------------------------------
| Inter Clock Table
| -----------------
------------------------------------------------------------------------------------------------

From Clock    To Clock          WNS(ns)      TNS(ns)  TNS Failing Endpoints  TNS Total Endpoints      WHS(ns)      THS(ns)  THS Failing Endpoints  THS Total Endpoints  
----------    --------          -------      -------  ---------------------  -------------------      -------      -------  ---------------------  -------------------  


------------------------------------------------------------------------------------------------
| Other Path Groups Table
| -----------------------
------------------------------------------------------------------------------------------------

Path Group    From Clock    To Clock          WNS(ns)      TNS(ns)  TNS Failing Endpoints  TNS Total Endpoints      WHS(ns)      THS(ns)  THS Failing Endpoints  THS Total Endpoints  
----------    ----------    --------          -------      -------  ---------------------  -------------------      -------      -------  ---------------------  -------------------  


------------------------------------------------------------------------------------------------
| Timing Details
| --------------
------------------------------------------------------------------------------------------------


---------------------------------------------------------------------------------------------------
From Clock:  clk
  To Clock:  clk

Setup :            0  Failing Endpoints,  Worst Slack        8.788ns,  Total Violation        0.000ns
Hold  :            0  Failing Endpoints,  Worst Slack        0.208ns,  Total Violation        0.000ns
PW    :            0  Failing Endpoints,  Worst Slack        4.650ns,  Total Violation        0.000ns
---------------------------------------------------------------------------------------------------


Max Delay Paths
--------------------------------------------------------------------------------------
Slack (MET) :             8.788ns  (required time - arrival time)
  Source:                 disp_inst/clkdiv_inst/div_res_reg[1]/C
                            (rising edge-triggered cell FDRE clocked by clk  {rise@0.000ns fall@5.000ns period=10.000ns})
  Destination:            disp_inst/clkdiv_inst/div_res_reg[17]/D
                            (rising edge-triggered cell FDRE clocked by clk  {rise@0.000ns fall@5.000ns period=10.000ns})
  Path Group:             clk
  Path Type:              Setup (Max at Slow Process Corner)
  Requirement:            10.000ns  (clk rise@10.000ns - clk rise@0.000ns)
  Data Path Delay:        1.237ns  (logic 0.885ns (71.542%)  route 0.352ns (28.458%))
  Logic Levels:           5  (CARRY4=5)
  Clock Path Skew:        -0.016ns (DCD - SCD + CPR)
    Destination Clock Delay (DCD):    4.256ns = ( 14.256 - 10.000 ) 
    Source Clock Delay      (SCD):    4.623ns
    Clock Pessimism Removal (CPR):    0.351ns
  Clock Uncertainty:      0.035ns  ((TSJ^2 + TIJ^2)^1/2 + DJ) / 2 + PE
    Total System Jitter     (TSJ):    0.071ns
    Total Input Jitter      (TIJ):    0.000ns
    Discrete Jitter          (DJ):    0.000ns
    Phase Error              (PE):    0.000ns

    Location             Delay type                Incr(ns)  Path(ns)    Netlist Resource(s)
  -------------------------------------------------------------------    -------------------
                         (clock clk rise edge)        0.000     0.000 r  
    AC18                                              0.000     0.000 r  clk (IN)
                         net (fo=0)                   0.000     0.000    clk
    AC18                 IBUF (Prop_ibuf_I_O)         0.639     0.639 r  clk_IBUF_inst/O
                         net (fo=1, routed)           2.283     2.922    clk_IBUF
    BUFGCTRL_X0Y0        BUFG (Prop_bufg_I_O)         0.093     3.015 r  clk_IBUF_BUFG_inst/O
                         net (fo=19, routed)          1.608     4.623    disp_inst/clkdiv_inst/clk
    SLICE_X20Y25         FDRE                                         r  disp_inst/clkdiv_inst/div_res_reg[1]/C
  -------------------------------------------------------------------    -------------------
    SLICE_X20Y25         FDRE (Prop_fdre_C_Q)         0.259     4.882 r  disp_inst/clkdiv_inst/div_res_reg[1]/Q
                         net (fo=1, routed)           0.352     5.234    disp_inst/clkdiv_inst/div_res_reg_n_0_[1]
    SLICE_X20Y25         CARRY4 (Prop_carry4_S[1]_CO[3])
                                                      0.299     5.533 r  disp_inst/clkdiv_inst/div_res_reg[0]_i_1/CO[3]
                         net (fo=1, routed)           0.000     5.533    disp_inst/clkdiv_inst/div_res_reg[0]_i_1_n_0
    SLICE_X20Y26         CARRY4 (Prop_carry4_CI_CO[3])
                                                      0.054     5.587 r  disp_inst/clkdiv_inst/div_res_reg[4]_i_1/CO[3]
                         net (fo=1, routed)           0.000     5.587    disp_inst/clkdiv_inst/div_res_reg[4]_i_1_n_0
    SLICE_X20Y27         CARRY4 (Prop_carry4_CI_CO[3])
                                                      0.054     5.641 r  disp_inst/clkdiv_inst/div_res_reg[8]_i_1/CO[3]
                         net (fo=1, routed)           0.000     5.641    disp_inst/clkdiv_inst/div_res_reg[8]_i_1_n_0
    SLICE_X20Y28         CARRY4 (Prop_carry4_CI_CO[3])
                                                      0.054     5.695 r  disp_inst/clkdiv_inst/div_res_reg[12]_i_1/CO[3]
                         net (fo=1, routed)           0.000     5.695    disp_inst/clkdiv_inst/div_res_reg[12]_i_1_n_0
    SLICE_X20Y29         CARRY4 (Prop_carry4_CI_O[1])
                                                      0.165     5.860 r  disp_inst/clkdiv_inst/div_res_reg[16]_i_1/O[1]
                         net (fo=1, routed)           0.000     5.860    disp_inst/clkdiv_inst/div_res_reg[16]_i_1_n_6
    SLICE_X20Y29         FDRE                                         r  disp_inst/clkdiv_inst/div_res_reg[17]/D
  -------------------------------------------------------------------    -------------------

                         (clock clk rise edge)       10.000    10.000 r  
    AC18                                              0.000    10.000 r  clk (IN)
                         net (fo=0)                   0.000    10.000    clk
    AC18                 IBUF (Prop_ibuf_I_O)         0.533    10.533 r  clk_IBUF_inst/O
                         net (fo=1, routed)           2.159    12.692    clk_IBUF
    BUFGCTRL_X0Y0        BUFG (Prop_bufg_I_O)         0.083    12.775 r  clk_IBUF_BUFG_inst/O
                         net (fo=19, routed)          1.481    14.256    disp_inst/clkdiv_inst/clk
    SLICE_X20Y29         FDRE                                         r  disp_inst/clkdiv_inst/div_res_reg[17]/C
                         clock pessimism              0.351    14.607    
                         clock uncertainty           -0.035    14.572    
    SLICE_X20Y29         FDRE (Setup_fdre_C_D)        0.076    14.648    disp_inst/clkdiv_inst/div_res_reg[17]
  -------------------------------------------------------------------
                         required time                         14.648    
                         arrival time                          -5.860    
  -------------------------------------------------------------------
                         slack                                  8.788    

Slack (MET) :             8.840ns  (required time - arrival time)
  Source:                 disp_inst/clkdiv_inst/div_res_reg[1]/C
                            (rising edge-triggered cell FDRE clocked by clk  {rise@0.000ns fall@5.000ns period=10.000ns})
  Destination:            disp_inst/clkdiv_inst/div_res_reg[13]/D
                            (rising edge-triggered cell FDRE clocked by clk  {rise@0.000ns fall@5.000ns period=10.000ns})
  Path Group:             clk
  Path Type:              Setup (Max at Slow Process Corner)
  Requirement:            10.000ns  (clk rise@10.000ns - clk rise@0.000ns)
  Data Path Delay:        1.183ns  (logic 0.831ns (70.243%)  route 0.352ns (29.757%))
  Logic Levels:           4  (CARRY4=4)
  Clock Path Skew:        -0.018ns (DCD - SCD + CPR)
    Destination Clock Delay (DCD):    4.254ns = ( 14.254 - 10.000 ) 
    Source Clock Delay      (SCD):    4.623ns
    Clock Pessimism Removal (CPR):    0.351ns
  Clock Uncertainty:      0.035ns  ((TSJ^2 + TIJ^2)^1/2 + DJ) / 2 + PE
    Total System Jitter     (TSJ):    0.071ns
    Total Input Jitter      (TIJ):    0.000ns
    Discrete Jitter          (DJ):    0.000ns
    Phase Error              (PE):    0.000ns

    Location             Delay type                Incr(ns)  Path(ns)    Netlist Resource(s)
  -------------------------------------------------------------------    -------------------
                         (clock clk rise edge)        0.000     0.000 r  
    AC18                                              0.000     0.000 r  clk (IN)
                         net (fo=0)                   0.000     0.000    clk
    AC18                 IBUF (Prop_ibuf_I_O)         0.639     0.639 r  clk_IBUF_inst/O
                         net (fo=1, routed)           2.283     2.922    clk_IBUF
    BUFGCTRL_X0Y0        BUFG (Prop_bufg_I_O)         0.093     3.015 r  clk_IBUF_BUFG_inst/O
                         net (fo=19, routed)          1.608     4.623    disp_inst/clkdiv_inst/clk
    SLICE_X20Y25         FDRE                                         r  disp_inst/clkdiv_inst/div_res_reg[1]/C
  -------------------------------------------------------------------    -------------------
    SLICE_X20Y25         FDRE (Prop_fdre_C_Q)         0.259     4.882 r  disp_inst/clkdiv_inst/div_res_reg[1]/Q
                         net (fo=1, routed)           0.352     5.234    disp_inst/clkdiv_inst/div_res_reg_n_0_[1]
    SLICE_X20Y25         CARRY4 (Prop_carry4_S[1]_CO[3])
                                                      0.299     5.533 r  disp_inst/clkdiv_inst/div_res_reg[0]_i_1/CO[3]
                         net (fo=1, routed)           0.000     5.533    disp_inst/clkdiv_inst/div_res_reg[0]_i_1_n_0
    SLICE_X20Y26         CARRY4 (Prop_carry4_CI_CO[3])
                                                      0.054     5.587 r  disp_inst/clkdiv_inst/div_res_reg[4]_i_1/CO[3]
                         net (fo=1, routed)           0.000     5.587    disp_inst/clkdiv_inst/div_res_reg[4]_i_1_n_0
    SLICE_X20Y27         CARRY4 (Prop_carry4_CI_CO[3])
                                                      0.054     5.641 r  disp_inst/clkdiv_inst/div_res_reg[8]_i_1/CO[3]
                         net (fo=1, routed)           0.000     5.641    disp_inst/clkdiv_inst/div_res_reg[8]_i_1_n_0
    SLICE_X20Y28         CARRY4 (Prop_carry4_CI_O[1])
                                                      0.165     5.806 r  disp_inst/clkdiv_inst/div_res_reg[12]_i_1/O[1]
                         net (fo=1, routed)           0.000     5.806    disp_inst/clkdiv_inst/div_res_reg[12]_i_1_n_6
    SLICE_X20Y28         FDRE                                         r  disp_inst/clkdiv_inst/div_res_reg[13]/D
  -------------------------------------------------------------------    -------------------

                         (clock clk rise edge)       10.000    10.000 r  
    AC18                                              0.000    10.000 r  clk (IN)
                         net (fo=0)                   0.000    10.000    clk
    AC18                 IBUF (Prop_ibuf_I_O)         0.533    10.533 r  clk_IBUF_inst/O
                         net (fo=1, routed)           2.159    12.692    clk_IBUF
    BUFGCTRL_X0Y0        BUFG (Prop_bufg_I_O)         0.083    12.775 r  clk_IBUF_BUFG_inst/O
                         net (fo=19, routed)          1.479    14.254    disp_inst/clkdiv_inst/clk
    SLICE_X20Y28         FDRE                                         r  disp_inst/clkdiv_inst/div_res_reg[13]/C
                         clock pessimism              0.351    14.605    
                         clock uncertainty           -0.035    14.570    
    SLICE_X20Y28         FDRE (Setup_fdre_C_D)        0.076    14.646    disp_inst/clkdiv_inst/div_res_reg[13]
  -------------------------------------------------------------------
                         required time                         14.646    
                         arrival time                          -5.806    
  -------------------------------------------------------------------
                         slack                                  8.840    

Slack (MET) :             8.841ns  (required time - arrival time)
  Source:                 disp_inst/clkdiv_inst/div_res_reg[1]/C
                            (rising edge-triggered cell FDRE clocked by clk  {rise@0.000ns fall@5.000ns period=10.000ns})
  Destination:            disp_inst/clkdiv_inst/div_res_reg[18]/D
                            (rising edge-triggered cell FDRE clocked by clk  {rise@0.000ns fall@5.000ns period=10.000ns})
  Path Group:             clk
  Path Type:              Setup (Max at Slow Process Corner)
  Requirement:            10.000ns  (clk rise@10.000ns - clk rise@0.000ns)
  Data Path Delay:        1.184ns  (logic 0.832ns (70.268%)  route 0.352ns (29.732%))
  Logic Levels:           5  (CARRY4=5)
  Clock Path Skew:        -0.016ns (DCD - SCD + CPR)
    Destination Clock Delay (DCD):    4.256ns = ( 14.256 - 10.000 ) 
    Source Clock Delay      (SCD):    4.623ns
    Clock Pessimism Removal (CPR):    0.351ns
  Clock Uncertainty:      0.035ns  ((TSJ^2 + TIJ^2)^1/2 + DJ) / 2 + PE
    Total System Jitter     (TSJ):    0.071ns
    Total Input Jitter      (TIJ):    0.000ns
    Discrete Jitter          (DJ):    0.000ns
    Phase Error              (PE):    0.000ns

    Location             Delay type                Incr(ns)  Path(ns)    Netlist Resource(s)
  -------------------------------------------------------------------    -------------------
                         (clock clk rise edge)        0.000     0.000 r  
    AC18                                              0.000     0.000 r  clk (IN)
                         net (fo=0)                   0.000     0.000    clk
    AC18                 IBUF (Prop_ibuf_I_O)         0.639     0.639 r  clk_IBUF_inst/O
                         net (fo=1, routed)           2.283     2.922    clk_IBUF
    BUFGCTRL_X0Y0        BUFG (Prop_bufg_I_O)         0.093     3.015 r  clk_IBUF_BUFG_inst/O
                         net (fo=19, routed)          1.608     4.623    disp_inst/clkdiv_inst/clk
    SLICE_X20Y25         FDRE                                         r  disp_inst/clkdiv_inst/div_res_reg[1]/C
  -------------------------------------------------------------------    -------------------
    SLICE_X20Y25         FDRE (Prop_fdre_C_Q)         0.259     4.882 r  disp_inst/clkdiv_inst/div_res_reg[1]/Q
                         net (fo=1, routed)           0.352     5.234    disp_inst/clkdiv_inst/div_res_reg_n_0_[1]
    SLICE_X20Y25         CARRY4 (Prop_carry4_S[1]_CO[3])
                                                      0.299     5.533 r  disp_inst/clkdiv_inst/div_res_reg[0]_i_1/CO[3]
                         net (fo=1, routed)           0.000     5.533    disp_inst/clkdiv_inst/div_res_reg[0]_i_1_n_0
    SLICE_X20Y26         CARRY4 (Prop_carry4_CI_CO[3])
                                                      0.054     5.587 r  disp_inst/clkdiv_inst/div_res_reg[4]_i_1/CO[3]
                         net (fo=1, routed)           0.000     5.587    disp_inst/clkdiv_inst/div_res_reg[4]_i_1_n_0
    SLICE_X20Y27         CARRY4 (Prop_carry4_CI_CO[3])
                                                      0.054     5.641 r  disp_inst/clkdiv_inst/div_res_reg[8]_i_1/CO[3]
                         net (fo=1, routed)           0.000     5.641    disp_inst/clkdiv_inst/div_res_reg[8]_i_1_n_0
    SLICE_X20Y28         CARRY4 (Prop_carry4_CI_CO[3])
                                                      0.054     5.695 r  disp_inst/clkdiv_inst/div_res_reg[12]_i_1/CO[3]
                         net (fo=1, routed)           0.000     5.695    disp_inst/clkdiv_inst/div_res_reg[12]_i_1_n_0
    SLICE_X20Y29         CARRY4 (Prop_carry4_CI_O[2])
                                                      0.112     5.807 r  disp_inst/clkdiv_inst/div_res_reg[16]_i_1/O[2]
                         net (fo=1, routed)           0.000     5.807    disp_inst/clkdiv_inst/div_res_reg[16]_i_1_n_5
    SLICE_X20Y29         FDRE                                         r  disp_inst/clkdiv_inst/div_res_reg[18]/D
  -------------------------------------------------------------------    -------------------

                         (clock clk rise edge)       10.000    10.000 r  
    AC18                                              0.000    10.000 r  clk (IN)
                         net (fo=0)                   0.000    10.000    clk
    AC18                 IBUF (Prop_ibuf_I_O)         0.533    10.533 r  clk_IBUF_inst/O
                         net (fo=1, routed)           2.159    12.692    clk_IBUF
    BUFGCTRL_X0Y0        BUFG (Prop_bufg_I_O)         0.083    12.775 r  clk_IBUF_BUFG_inst/O
                         net (fo=19, routed)          1.481    14.256    disp_inst/clkdiv_inst/clk
    SLICE_X20Y29         FDRE                                         r  disp_inst/clkdiv_inst/div_res_reg[18]/C
                         clock pessimism              0.351    14.607    
                         clock uncertainty           -0.035    14.572    
    SLICE_X20Y29         FDRE (Setup_fdre_C_D)        0.076    14.648    disp_inst/clkdiv_inst/div_res_reg[18]
  -------------------------------------------------------------------
                         required time                         14.648    
                         arrival time                          -5.807    
  -------------------------------------------------------------------
                         slack                                  8.841    

Slack (MET) :             8.845ns  (required time - arrival time)
  Source:                 disp_inst/clkdiv_inst/div_res_reg[1]/C
                            (rising edge-triggered cell FDRE clocked by clk  {rise@0.000ns fall@5.000ns period=10.000ns})
  Destination:            disp_inst/clkdiv_inst/div_res_reg[16]/D
                            (rising edge-triggered cell FDRE clocked by clk  {rise@0.000ns fall@5.000ns period=10.000ns})
  Path Group:             clk
  Path Type:              Setup (Max at Slow Process Corner)
  Requirement:            10.000ns  (clk rise@10.000ns - clk rise@0.000ns)
  Data Path Delay:        1.180ns  (logic 0.828ns (70.168%)  route 0.352ns (29.832%))
  Logic Levels:           5  (CARRY4=5)
  Clock Path Skew:        -0.016ns (DCD - SCD + CPR)
    Destination Clock Delay (DCD):    4.256ns = ( 14.256 - 10.000 ) 
    Source Clock Delay      (SCD):    4.623ns
    Clock Pessimism Removal (CPR):    0.351ns
  Clock Uncertainty:      0.035ns  ((TSJ^2 + TIJ^2)^1/2 + DJ) / 2 + PE
    Total System Jitter     (TSJ):    0.071ns
    Total Input Jitter      (TIJ):    0.000ns
    Discrete Jitter          (DJ):    0.000ns
    Phase Error              (PE):    0.000ns

    Location             Delay type                Incr(ns)  Path(ns)    Netlist Resource(s)
  -------------------------------------------------------------------    -------------------
                         (clock clk rise edge)        0.000     0.000 r  
    AC18                                              0.000     0.000 r  clk (IN)
                         net (fo=0)                   0.000     0.000    clk
    AC18                 IBUF (Prop_ibuf_I_O)         0.639     0.639 r  clk_IBUF_inst/O
                         net (fo=1, routed)           2.283     2.922    clk_IBUF
    BUFGCTRL_X0Y0        BUFG (Prop_bufg_I_O)         0.093     3.015 r  clk_IBUF_BUFG_inst/O
                         net (fo=19, routed)          1.608     4.623    disp_inst/clkdiv_inst/clk
    SLICE_X20Y25         FDRE                                         r  disp_inst/clkdiv_inst/div_res_reg[1]/C
  -------------------------------------------------------------------    -------------------
    SLICE_X20Y25         FDRE (Prop_fdre_C_Q)         0.259     4.882 r  disp_inst/clkdiv_inst/div_res_reg[1]/Q
                         net (fo=1, routed)           0.352     5.234    disp_inst/clkdiv_inst/div_res_reg_n_0_[1]
    SLICE_X20Y25         CARRY4 (Prop_carry4_S[1]_CO[3])
                                                      0.299     5.533 r  disp_inst/clkdiv_inst/div_res_reg[0]_i_1/CO[3]
                         net (fo=1, routed)           0.000     5.533    disp_inst/clkdiv_inst/div_res_reg[0]_i_1_n_0
    SLICE_X20Y26         CARRY4 (Prop_carry4_CI_CO[3])
                                                      0.054     5.587 r  disp_inst/clkdiv_inst/div_res_reg[4]_i_1/CO[3]
                         net (fo=1, routed)           0.000     5.587    disp_inst/clkdiv_inst/div_res_reg[4]_i_1_n_0
    SLICE_X20Y27         CARRY4 (Prop_carry4_CI_CO[3])
                                                      0.054     5.641 r  disp_inst/clkdiv_inst/div_res_reg[8]_i_1/CO[3]
                         net (fo=1, routed)           0.000     5.641    disp_inst/clkdiv_inst/div_res_reg[8]_i_1_n_0
    SLICE_X20Y28         CARRY4 (Prop_carry4_CI_CO[3])
                                                      0.054     5.695 r  disp_inst/clkdiv_inst/div_res_reg[12]_i_1/CO[3]
                         net (fo=1, routed)           0.000     5.695    disp_inst/clkdiv_inst/div_res_reg[12]_i_1_n_0
    SLICE_X20Y29         CARRY4 (Prop_carry4_CI_O[0])
                                                      0.108     5.803 r  disp_inst/clkdiv_inst/div_res_reg[16]_i_1/O[0]
                         net (fo=1, routed)           0.000     5.803    disp_inst/clkdiv_inst/div_res_reg[16]_i_1_n_7
    SLICE_X20Y29         FDRE                                         r  disp_inst/clkdiv_inst/div_res_reg[16]/D
  -------------------------------------------------------------------    -------------------

                         (clock clk rise edge)       10.000    10.000 r  
    AC18                                              0.000    10.000 r  clk (IN)
                         net (fo=0)                   0.000    10.000    clk
    AC18                 IBUF (Prop_ibuf_I_O)         0.533    10.533 r  clk_IBUF_inst/O
                         net (fo=1, routed)           2.159    12.692    clk_IBUF
    BUFGCTRL_X0Y0        BUFG (Prop_bufg_I_O)         0.083    12.775 r  clk_IBUF_BUFG_inst/O
                         net (fo=19, routed)          1.481    14.256    disp_inst/clkdiv_inst/clk
    SLICE_X20Y29         FDRE                                         r  disp_inst/clkdiv_inst/div_res_reg[16]/C
                         clock pessimism              0.351    14.607    
                         clock uncertainty           -0.035    14.572    
    SLICE_X20Y29         FDRE (Setup_fdre_C_D)        0.076    14.648    disp_inst/clkdiv_inst/div_res_reg[16]
  -------------------------------------------------------------------
                         required time                         14.648    
                         arrival time                          -5.803    
  -------------------------------------------------------------------
                         slack                                  8.845    

Slack (MET) :             8.854ns  (required time - arrival time)
  Source:                 disp_inst/clkdiv_inst/div_res_reg[1]/C
                            (rising edge-triggered cell FDRE clocked by clk  {rise@0.000ns fall@5.000ns period=10.000ns})
  Destination:            disp_inst/clkdiv_inst/div_res_reg[15]/D
                            (rising edge-triggered cell FDRE clocked by clk  {rise@0.000ns fall@5.000ns period=10.000ns})
  Path Group:             clk
  Path Type:              Setup (Max at Slow Process Corner)
  Requirement:            10.000ns  (clk rise@10.000ns - clk rise@0.000ns)
  Data Path Delay:        1.169ns  (logic 0.817ns (69.887%)  route 0.352ns (30.113%))
  Logic Levels:           4  (CARRY4=4)
  Clock Path Skew:        -0.018ns (DCD - SCD + CPR)
    Destination Clock Delay (DCD):    4.254ns = ( 14.254 - 10.000 ) 
    Source Clock Delay      (SCD):    4.623ns
    Clock Pessimism Removal (CPR):    0.351ns
  Clock Uncertainty:      0.035ns  ((TSJ^2 + TIJ^2)^1/2 + DJ) / 2 + PE
    Total System Jitter     (TSJ):    0.071ns
    Total Input Jitter      (TIJ):    0.000ns
    Discrete Jitter          (DJ):    0.000ns
    Phase Error              (PE):    0.000ns

    Location             Delay type                Incr(ns)  Path(ns)    Netlist Resource(s)
  -------------------------------------------------------------------    -------------------
                         (clock clk rise edge)        0.000     0.000 r  
    AC18                                              0.000     0.000 r  clk (IN)
                         net (fo=0)                   0.000     0.000    clk
    AC18                 IBUF (Prop_ibuf_I_O)         0.639     0.639 r  clk_IBUF_inst/O
                         net (fo=1, routed)           2.283     2.922    clk_IBUF
    BUFGCTRL_X0Y0        BUFG (Prop_bufg_I_O)         0.093     3.015 r  clk_IBUF_BUFG_inst/O
                         net (fo=19, routed)          1.608     4.623    disp_inst/clkdiv_inst/clk
    SLICE_X20Y25         FDRE                                         r  disp_inst/clkdiv_inst/div_res_reg[1]/C
  -------------------------------------------------------------------    -------------------
    SLICE_X20Y25         FDRE (Prop_fdre_C_Q)         0.259     4.882 r  disp_inst/clkdiv_inst/div_res_reg[1]/Q
                         net (fo=1, routed)           0.352     5.234    disp_inst/clkdiv_inst/div_res_reg_n_0_[1]
    SLICE_X20Y25         CARRY4 (Prop_carry4_S[1]_CO[3])
                                                      0.299     5.533 r  disp_inst/clkdiv_inst/div_res_reg[0]_i_1/CO[3]
                         net (fo=1, routed)           0.000     5.533    disp_inst/clkdiv_inst/div_res_reg[0]_i_1_n_0
    SLICE_X20Y26         CARRY4 (Prop_carry4_CI_CO[3])
                                                      0.054     5.587 r  disp_inst/clkdiv_inst/div_res_reg[4]_i_1/CO[3]
                         net (fo=1, routed)           0.000     5.587    disp_inst/clkdiv_inst/div_res_reg[4]_i_1_n_0
    SLICE_X20Y27         CARRY4 (Prop_carry4_CI_CO[3])
                                                      0.054     5.641 r  disp_inst/clkdiv_inst/div_res_reg[8]_i_1/CO[3]
                         net (fo=1, routed)           0.000     5.641    disp_inst/clkdiv_inst/div_res_reg[8]_i_1_n_0
    SLICE_X20Y28         CARRY4 (Prop_carry4_CI_O[3])
                                                      0.151     5.792 r  disp_inst/clkdiv_inst/div_res_reg[12]_i_1/O[3]
                         net (fo=1, routed)           0.000     5.792    disp_inst/clkdiv_inst/div_res_reg[12]_i_1_n_4
    SLICE_X20Y28         FDRE                                         r  disp_inst/clkdiv_inst/div_res_reg[15]/D
  -------------------------------------------------------------------    -------------------

                         (clock clk rise edge)       10.000    10.000 r  
    AC18                                              0.000    10.000 r  clk (IN)
                         net (fo=0)                   0.000    10.000    clk
    AC18                 IBUF (Prop_ibuf_I_O)         0.533    10.533 r  clk_IBUF_inst/O
                         net (fo=1, routed)           2.159    12.692    clk_IBUF
    BUFGCTRL_X0Y0        BUFG (Prop_bufg_I_O)         0.083    12.775 r  clk_IBUF_BUFG_inst/O
                         net (fo=19, routed)          1.479    14.254    disp_inst/clkdiv_inst/clk
    SLICE_X20Y28         FDRE                                         r  disp_inst/clkdiv_inst/div_res_reg[15]/C
                         clock pessimism              0.351    14.605    
                         clock uncertainty           -0.035    14.570    
    SLICE_X20Y28         FDRE (Setup_fdre_C_D)        0.076    14.646    disp_inst/clkdiv_inst/div_res_reg[15]
  -------------------------------------------------------------------
                         required time                         14.646    
                         arrival time                          -5.792    
  -------------------------------------------------------------------
                         slack                                  8.854    

Slack (MET) :             8.893ns  (required time - arrival time)
  Source:                 disp_inst/clkdiv_inst/div_res_reg[1]/C
                            (rising edge-triggered cell FDRE clocked by clk  {rise@0.000ns fall@5.000ns period=10.000ns})
  Destination:            disp_inst/clkdiv_inst/div_res_reg[14]/D
                            (rising edge-triggered cell FDRE clocked by clk  {rise@0.000ns fall@5.000ns period=10.000ns})
  Path Group:             clk
  Path Type:              Setup (Max at Slow Process Corner)
  Requirement:            10.000ns  (clk rise@10.000ns - clk rise@0.000ns)
  Data Path Delay:        1.130ns  (logic 0.778ns (68.848%)  route 0.352ns (31.152%))
  Logic Levels:           4  (CARRY4=4)
  Clock Path Skew:        -0.018ns (DCD - SCD + CPR)
    Destination Clock Delay (DCD):    4.254ns = ( 14.254 - 10.000 ) 
    Source Clock Delay      (SCD):    4.623ns
    Clock Pessimism Removal (CPR):    0.351ns
  Clock Uncertainty:      0.035ns  ((TSJ^2 + TIJ^2)^1/2 + DJ) / 2 + PE
    Total System Jitter     (TSJ):    0.071ns
    Total Input Jitter      (TIJ):    0.000ns
    Discrete Jitter          (DJ):    0.000ns
    Phase Error              (PE):    0.000ns

    Location             Delay type                Incr(ns)  Path(ns)    Netlist Resource(s)
  -------------------------------------------------------------------    -------------------
                         (clock clk rise edge)        0.000     0.000 r  
    AC18                                              0.000     0.000 r  clk (IN)
                         net (fo=0)                   0.000     0.000    clk
    AC18                 IBUF (Prop_ibuf_I_O)         0.639     0.639 r  clk_IBUF_inst/O
                         net (fo=1, routed)           2.283     2.922    clk_IBUF
    BUFGCTRL_X0Y0        BUFG (Prop_bufg_I_O)         0.093     3.015 r  clk_IBUF_BUFG_inst/O
                         net (fo=19, routed)          1.608     4.623    disp_inst/clkdiv_inst/clk
    SLICE_X20Y25         FDRE                                         r  disp_inst/clkdiv_inst/div_res_reg[1]/C
  -------------------------------------------------------------------    -------------------
    SLICE_X20Y25         FDRE (Prop_fdre_C_Q)         0.259     4.882 r  disp_inst/clkdiv_inst/div_res_reg[1]/Q
                         net (fo=1, routed)           0.352     5.234    disp_inst/clkdiv_inst/div_res_reg_n_0_[1]
    SLICE_X20Y25         CARRY4 (Prop_carry4_S[1]_CO[3])
                                                      0.299     5.533 r  disp_inst/clkdiv_inst/div_res_reg[0]_i_1/CO[3]
                         net (fo=1, routed)           0.000     5.533    disp_inst/clkdiv_inst/div_res_reg[0]_i_1_n_0
    SLICE_X20Y26         CARRY4 (Prop_carry4_CI_CO[3])
                                                      0.054     5.587 r  disp_inst/clkdiv_inst/div_res_reg[4]_i_1/CO[3]
                         net (fo=1, routed)           0.000     5.587    disp_inst/clkdiv_inst/div_res_reg[4]_i_1_n_0
    SLICE_X20Y27         CARRY4 (Prop_carry4_CI_CO[3])
                                                      0.054     5.641 r  disp_inst/clkdiv_inst/div_res_reg[8]_i_1/CO[3]
                         net (fo=1, routed)           0.000     5.641    disp_inst/clkdiv_inst/div_res_reg[8]_i_1_n_0
    SLICE_X20Y28         CARRY4 (Prop_carry4_CI_O[2])
                                                      0.112     5.753 r  disp_inst/clkdiv_inst/div_res_reg[12]_i_1/O[2]
                         net (fo=1, routed)           0.000     5.753    disp_inst/clkdiv_inst/div_res_reg[12]_i_1_n_5
    SLICE_X20Y28         FDRE                                         r  disp_inst/clkdiv_inst/div_res_reg[14]/D
  -------------------------------------------------------------------    -------------------

                         (clock clk rise edge)       10.000    10.000 r  
    AC18                                              0.000    10.000 r  clk (IN)
                         net (fo=0)                   0.000    10.000    clk
    AC18                 IBUF (Prop_ibuf_I_O)         0.533    10.533 r  clk_IBUF_inst/O
                         net (fo=1, routed)           2.159    12.692    clk_IBUF
    BUFGCTRL_X0Y0        BUFG (Prop_bufg_I_O)         0.083    12.775 r  clk_IBUF_BUFG_inst/O
                         net (fo=19, routed)          1.479    14.254    disp_inst/clkdiv_inst/clk
    SLICE_X20Y28         FDRE                                         r  disp_inst/clkdiv_inst/div_res_reg[14]/C
                         clock pessimism              0.351    14.605    
                         clock uncertainty           -0.035    14.570    
    SLICE_X20Y28         FDRE (Setup_fdre_C_D)        0.076    14.646    disp_inst/clkdiv_inst/div_res_reg[14]
  -------------------------------------------------------------------
                         required time                         14.646    
                         arrival time                          -5.753    
  -------------------------------------------------------------------
                         slack                                  8.893    

Slack (MET) :             8.893ns  (required time - arrival time)
  Source:                 disp_inst/clkdiv_inst/div_res_reg[1]/C
                            (rising edge-triggered cell FDRE clocked by clk  {rise@0.000ns fall@5.000ns period=10.000ns})
  Destination:            disp_inst/clkdiv_inst/div_res_reg[9]/D
                            (rising edge-triggered cell FDRE clocked by clk  {rise@0.000ns fall@5.000ns period=10.000ns})
  Path Group:             clk
  Path Type:              Setup (Max at Slow Process Corner)
  Requirement:            10.000ns  (clk rise@10.000ns - clk rise@0.000ns)
  Data Path Delay:        1.129ns  (logic 0.777ns (68.820%)  route 0.352ns (31.180%))
  Logic Levels:           3  (CARRY4=3)
  Clock Path Skew:        -0.019ns (DCD - SCD + CPR)
    Destination Clock Delay (DCD):    4.253ns = ( 14.253 - 10.000 ) 
    Source Clock Delay      (SCD):    4.623ns
    Clock Pessimism Removal (CPR):    0.351ns
  Clock Uncertainty:      0.035ns  ((TSJ^2 + TIJ^2)^1/2 + DJ) / 2 + PE
    Total System Jitter     (TSJ):    0.071ns
    Total Input Jitter      (TIJ):    0.000ns
    Discrete Jitter          (DJ):    0.000ns
    Phase Error              (PE):    0.000ns

    Location             Delay type                Incr(ns)  Path(ns)    Netlist Resource(s)
  -------------------------------------------------------------------    -------------------
                         (clock clk rise edge)        0.000     0.000 r  
    AC18                                              0.000     0.000 r  clk (IN)
                         net (fo=0)                   0.000     0.000    clk
    AC18                 IBUF (Prop_ibuf_I_O)         0.639     0.639 r  clk_IBUF_inst/O
                         net (fo=1, routed)           2.283     2.922    clk_IBUF
    BUFGCTRL_X0Y0        BUFG (Prop_bufg_I_O)         0.093     3.015 r  clk_IBUF_BUFG_inst/O
                         net (fo=19, routed)          1.608     4.623    disp_inst/clkdiv_inst/clk
    SLICE_X20Y25         FDRE                                         r  disp_inst/clkdiv_inst/div_res_reg[1]/C
  -------------------------------------------------------------------    -------------------
    SLICE_X20Y25         FDRE (Prop_fdre_C_Q)         0.259     4.882 r  disp_inst/clkdiv_inst/div_res_reg[1]/Q
                         net (fo=1, routed)           0.352     5.234    disp_inst/clkdiv_inst/div_res_reg_n_0_[1]
    SLICE_X20Y25         CARRY4 (Prop_carry4_S[1]_CO[3])
                                                      0.299     5.533 r  disp_inst/clkdiv_inst/div_res_reg[0]_i_1/CO[3]
                         net (fo=1, routed)           0.000     5.533    disp_inst/clkdiv_inst/div_res_reg[0]_i_1_n_0
    SLICE_X20Y26         CARRY4 (Prop_carry4_CI_CO[3])
                                                      0.054     5.587 r  disp_inst/clkdiv_inst/div_res_reg[4]_i_1/CO[3]
                         net (fo=1, routed)           0.000     5.587    disp_inst/clkdiv_inst/div_res_reg[4]_i_1_n_0
    SLICE_X20Y27         CARRY4 (Prop_carry4_CI_O[1])
                                                      0.165     5.752 r  disp_inst/clkdiv_inst/div_res_reg[8]_i_1/O[1]
                         net (fo=1, routed)           0.000     5.752    disp_inst/clkdiv_inst/div_res_reg[8]_i_1_n_6
    SLICE_X20Y27         FDRE                                         r  disp_inst/clkdiv_inst/div_res_reg[9]/D
  -------------------------------------------------------------------    -------------------

                         (clock clk rise edge)       10.000    10.000 r  
    AC18                                              0.000    10.000 r  clk (IN)
                         net (fo=0)                   0.000    10.000    clk
    AC18                 IBUF (Prop_ibuf_I_O)         0.533    10.533 r  clk_IBUF_inst/O
                         net (fo=1, routed)           2.159    12.692    clk_IBUF
    BUFGCTRL_X0Y0        BUFG (Prop_bufg_I_O)         0.083    12.775 r  clk_IBUF_BUFG_inst/O
                         net (fo=19, routed)          1.478    14.253    disp_inst/clkdiv_inst/clk
    SLICE_X20Y27         FDRE                                         r  disp_inst/clkdiv_inst/div_res_reg[9]/C
                         clock pessimism              0.351    14.604    
                         clock uncertainty           -0.035    14.569    
    SLICE_X20Y27         FDRE (Setup_fdre_C_D)        0.076    14.645    disp_inst/clkdiv_inst/div_res_reg[9]
  -------------------------------------------------------------------
                         required time                         14.645    
                         arrival time                          -5.752    
  -------------------------------------------------------------------
                         slack                                  8.893    

Slack (MET) :             8.897ns  (required time - arrival time)
  Source:                 disp_inst/clkdiv_inst/div_res_reg[1]/C
                            (rising edge-triggered cell FDRE clocked by clk  {rise@0.000ns fall@5.000ns period=10.000ns})
  Destination:            disp_inst/clkdiv_inst/div_res_reg[12]/D
                            (rising edge-triggered cell FDRE clocked by clk  {rise@0.000ns fall@5.000ns period=10.000ns})
  Path Group:             clk
  Path Type:              Setup (Max at Slow Process Corner)
  Requirement:            10.000ns  (clk rise@10.000ns - clk rise@0.000ns)
  Data Path Delay:        1.126ns  (logic 0.774ns (68.737%)  route 0.352ns (31.263%))
  Logic Levels:           4  (CARRY4=4)
  Clock Path Skew:        -0.018ns (DCD - SCD + CPR)
    Destination Clock Delay (DCD):    4.254ns = ( 14.254 - 10.000 ) 
    Source Clock Delay      (SCD):    4.623ns
    Clock Pessimism Removal (CPR):    0.351ns
  Clock Uncertainty:      0.035ns  ((TSJ^2 + TIJ^2)^1/2 + DJ) / 2 + PE
    Total System Jitter     (TSJ):    0.071ns
    Total Input Jitter      (TIJ):    0.000ns
    Discrete Jitter          (DJ):    0.000ns
    Phase Error              (PE):    0.000ns

    Location             Delay type                Incr(ns)  Path(ns)    Netlist Resource(s)
  -------------------------------------------------------------------    -------------------
                         (clock clk rise edge)        0.000     0.000 r  
    AC18                                              0.000     0.000 r  clk (IN)
                         net (fo=0)                   0.000     0.000    clk
    AC18                 IBUF (Prop_ibuf_I_O)         0.639     0.639 r  clk_IBUF_inst/O
                         net (fo=1, routed)           2.283     2.922    clk_IBUF
    BUFGCTRL_X0Y0        BUFG (Prop_bufg_I_O)         0.093     3.015 r  clk_IBUF_BUFG_inst/O
                         net (fo=19, routed)          1.608     4.623    disp_inst/clkdiv_inst/clk
    SLICE_X20Y25         FDRE                                         r  disp_inst/clkdiv_inst/div_res_reg[1]/C
  -------------------------------------------------------------------    -------------------
    SLICE_X20Y25         FDRE (Prop_fdre_C_Q)         0.259     4.882 r  disp_inst/clkdiv_inst/div_res_reg[1]/Q
                         net (fo=1, routed)           0.352     5.234    disp_inst/clkdiv_inst/div_res_reg_n_0_[1]
    SLICE_X20Y25         CARRY4 (Prop_carry4_S[1]_CO[3])
                                                      0.299     5.533 r  disp_inst/clkdiv_inst/div_res_reg[0]_i_1/CO[3]
                         net (fo=1, routed)           0.000     5.533    disp_inst/clkdiv_inst/div_res_reg[0]_i_1_n_0
    SLICE_X20Y26         CARRY4 (Prop_carry4_CI_CO[3])
                                                      0.054     5.587 r  disp_inst/clkdiv_inst/div_res_reg[4]_i_1/CO[3]
                         net (fo=1, routed)           0.000     5.587    disp_inst/clkdiv_inst/div_res_reg[4]_i_1_n_0
    SLICE_X20Y27         CARRY4 (Prop_carry4_CI_CO[3])
                                                      0.054     5.641 r  disp_inst/clkdiv_inst/div_res_reg[8]_i_1/CO[3]
                         net (fo=1, routed)           0.000     5.641    disp_inst/clkdiv_inst/div_res_reg[8]_i_1_n_0
    SLICE_X20Y28         CARRY4 (Prop_carry4_CI_O[0])
                                                      0.108     5.749 r  disp_inst/clkdiv_inst/div_res_reg[12]_i_1/O[0]
                         net (fo=1, routed)           0.000     5.749    disp_inst/clkdiv_inst/div_res_reg[12]_i_1_n_7
    SLICE_X20Y28         FDRE                                         r  disp_inst/clkdiv_inst/div_res_reg[12]/D
  -------------------------------------------------------------------    -------------------

                         (clock clk rise edge)       10.000    10.000 r  
    AC18                                              0.000    10.000 r  clk (IN)
                         net (fo=0)                   0.000    10.000    clk
    AC18                 IBUF (Prop_ibuf_I_O)         0.533    10.533 r  clk_IBUF_inst/O
                         net (fo=1, routed)           2.159    12.692    clk_IBUF
    BUFGCTRL_X0Y0        BUFG (Prop_bufg_I_O)         0.083    12.775 r  clk_IBUF_BUFG_inst/O
                         net (fo=19, routed)          1.479    14.254    disp_inst/clkdiv_inst/clk
    SLICE_X20Y28         FDRE                                         r  disp_inst/clkdiv_inst/div_res_reg[12]/C
                         clock pessimism              0.351    14.605    
                         clock uncertainty           -0.035    14.570    
    SLICE_X20Y28         FDRE (Setup_fdre_C_D)        0.076    14.646    disp_inst/clkdiv_inst/div_res_reg[12]
  -------------------------------------------------------------------
                         required time                         14.646    
                         arrival time                          -5.749    
  -------------------------------------------------------------------
                         slack                                  8.897    

Slack (MET) :             8.907ns  (required time - arrival time)
  Source:                 disp_inst/clkdiv_inst/div_res_reg[1]/C
                            (rising edge-triggered cell FDRE clocked by clk  {rise@0.000ns fall@5.000ns period=10.000ns})
  Destination:            disp_inst/clkdiv_inst/div_res_reg[11]/D
                            (rising edge-triggered cell FDRE clocked by clk  {rise@0.000ns fall@5.000ns period=10.000ns})
  Path Group:             clk
  Path Type:              Setup (Max at Slow Process Corner)
  Requirement:            10.000ns  (clk rise@10.000ns - clk rise@0.000ns)
  Data Path Delay:        1.115ns  (logic 0.763ns (68.429%)  route 0.352ns (31.571%))
  Logic Levels:           3  (CARRY4=3)
  Clock Path Skew:        -0.019ns (DCD - SCD + CPR)
    Destination Clock Delay (DCD):    4.253ns = ( 14.253 - 10.000 ) 
    Source Clock Delay      (SCD):    4.623ns
    Clock Pessimism Removal (CPR):    0.351ns
  Clock Uncertainty:      0.035ns  ((TSJ^2 + TIJ^2)^1/2 + DJ) / 2 + PE
    Total System Jitter     (TSJ):    0.071ns
    Total Input Jitter      (TIJ):    0.000ns
    Discrete Jitter          (DJ):    0.000ns
    Phase Error              (PE):    0.000ns

    Location             Delay type                Incr(ns)  Path(ns)    Netlist Resource(s)
  -------------------------------------------------------------------    -------------------
                         (clock clk rise edge)        0.000     0.000 r  
    AC18                                              0.000     0.000 r  clk (IN)
                         net (fo=0)                   0.000     0.000    clk
    AC18                 IBUF (Prop_ibuf_I_O)         0.639     0.639 r  clk_IBUF_inst/O
                         net (fo=1, routed)           2.283     2.922    clk_IBUF
    BUFGCTRL_X0Y0        BUFG (Prop_bufg_I_O)         0.093     3.015 r  clk_IBUF_BUFG_inst/O
                         net (fo=19, routed)          1.608     4.623    disp_inst/clkdiv_inst/clk
    SLICE_X20Y25         FDRE                                         r  disp_inst/clkdiv_inst/div_res_reg[1]/C
  -------------------------------------------------------------------    -------------------
    SLICE_X20Y25         FDRE (Prop_fdre_C_Q)         0.259     4.882 r  disp_inst/clkdiv_inst/div_res_reg[1]/Q
                         net (fo=1, routed)           0.352     5.234    disp_inst/clkdiv_inst/div_res_reg_n_0_[1]
    SLICE_X20Y25         CARRY4 (Prop_carry4_S[1]_CO[3])
                                                      0.299     5.533 r  disp_inst/clkdiv_inst/div_res_reg[0]_i_1/CO[3]
                         net (fo=1, routed)           0.000     5.533    disp_inst/clkdiv_inst/div_res_reg[0]_i_1_n_0
    SLICE_X20Y26         CARRY4 (Prop_carry4_CI_CO[3])
                                                      0.054     5.587 r  disp_inst/clkdiv_inst/div_res_reg[4]_i_1/CO[3]
                         net (fo=1, routed)           0.000     5.587    disp_inst/clkdiv_inst/div_res_reg[4]_i_1_n_0
    SLICE_X20Y27         CARRY4 (Prop_carry4_CI_O[3])
                                                      0.151     5.738 r  disp_inst/clkdiv_inst/div_res_reg[8]_i_1/O[3]
                         net (fo=1, routed)           0.000     5.738    disp_inst/clkdiv_inst/div_res_reg[8]_i_1_n_4
    SLICE_X20Y27         FDRE                                         r  disp_inst/clkdiv_inst/div_res_reg[11]/D
  -------------------------------------------------------------------    -------------------

                         (clock clk rise edge)       10.000    10.000 r  
    AC18                                              0.000    10.000 r  clk (IN)
                         net (fo=0)                   0.000    10.000    clk
    AC18                 IBUF (Prop_ibuf_I_O)         0.533    10.533 r  clk_IBUF_inst/O
                         net (fo=1, routed)           2.159    12.692    clk_IBUF
    BUFGCTRL_X0Y0        BUFG (Prop_bufg_I_O)         0.083    12.775 r  clk_IBUF_BUFG_inst/O
                         net (fo=19, routed)          1.478    14.253    disp_inst/clkdiv_inst/clk
    SLICE_X20Y27         FDRE                                         r  disp_inst/clkdiv_inst/div_res_reg[11]/C
                         clock pessimism              0.351    14.604    
                         clock uncertainty           -0.035    14.569    
    SLICE_X20Y27         FDRE (Setup_fdre_C_D)        0.076    14.645    disp_inst/clkdiv_inst/div_res_reg[11]
  -------------------------------------------------------------------
                         required time                         14.645    
                         arrival time                          -5.738    
  -------------------------------------------------------------------
                         slack                                  8.907    

Slack (MET) :             8.946ns  (required time - arrival time)
  Source:                 disp_inst/clkdiv_inst/div_res_reg[1]/C
                            (rising edge-triggered cell FDRE clocked by clk  {rise@0.000ns fall@5.000ns period=10.000ns})
  Destination:            disp_inst/clkdiv_inst/div_res_reg[10]/D
                            (rising edge-triggered cell FDRE clocked by clk  {rise@0.000ns fall@5.000ns period=10.000ns})
  Path Group:             clk
  Path Type:              Setup (Max at Slow Process Corner)
  Requirement:            10.000ns  (clk rise@10.000ns - clk rise@0.000ns)
  Data Path Delay:        1.076ns  (logic 0.724ns (67.284%)  route 0.352ns (32.716%))
  Logic Levels:           3  (CARRY4=3)
  Clock Path Skew:        -0.019ns (DCD - SCD + CPR)
    Destination Clock Delay (DCD):    4.253ns = ( 14.253 - 10.000 ) 
    Source Clock Delay      (SCD):    4.623ns
    Clock Pessimism Removal (CPR):    0.351ns
  Clock Uncertainty:      0.035ns  ((TSJ^2 + TIJ^2)^1/2 + DJ) / 2 + PE
    Total System Jitter     (TSJ):    0.071ns
    Total Input Jitter      (TIJ):    0.000ns
    Discrete Jitter          (DJ):    0.000ns
    Phase Error              (PE):    0.000ns

    Location             Delay type                Incr(ns)  Path(ns)    Netlist Resource(s)
  -------------------------------------------------------------------    -------------------
                         (clock clk rise edge)        0.000     0.000 r  
    AC18                                              0.000     0.000 r  clk (IN)
                         net (fo=0)                   0.000     0.000    clk
    AC18                 IBUF (Prop_ibuf_I_O)         0.639     0.639 r  clk_IBUF_inst/O
                         net (fo=1, routed)           2.283     2.922    clk_IBUF
    BUFGCTRL_X0Y0        BUFG (Prop_bufg_I_O)         0.093     3.015 r  clk_IBUF_BUFG_inst/O
                         net (fo=19, routed)          1.608     4.623    disp_inst/clkdiv_inst/clk
    SLICE_X20Y25         FDRE                                         r  disp_inst/clkdiv_inst/div_res_reg[1]/C
  -------------------------------------------------------------------    -------------------
    SLICE_X20Y25         FDRE (Prop_fdre_C_Q)         0.259     4.882 r  disp_inst/clkdiv_inst/div_res_reg[1]/Q
                         net (fo=1, routed)           0.352     5.234    disp_inst/clkdiv_inst/div_res_reg_n_0_[1]
    SLICE_X20Y25         CARRY4 (Prop_carry4_S[1]_CO[3])
                                                      0.299     5.533 r  disp_inst/clkdiv_inst/div_res_reg[0]_i_1/CO[3]
                         net (fo=1, routed)           0.000     5.533    disp_inst/clkdiv_inst/div_res_reg[0]_i_1_n_0
    SLICE_X20Y26         CARRY4 (Prop_carry4_CI_CO[3])
                                                      0.054     5.587 r  disp_inst/clkdiv_inst/div_res_reg[4]_i_1/CO[3]
                         net (fo=1, routed)           0.000     5.587    disp_inst/clkdiv_inst/div_res_reg[4]_i_1_n_0
    SLICE_X20Y27         CARRY4 (Prop_carry4_CI_O[2])
                                                      0.112     5.699 r  disp_inst/clkdiv_inst/div_res_reg[8]_i_1/O[2]
                         net (fo=1, routed)           0.000     5.699    disp_inst/clkdiv_inst/div_res_reg[8]_i_1_n_5
    SLICE_X20Y27         FDRE                                         r  disp_inst/clkdiv_inst/div_res_reg[10]/D
  -------------------------------------------------------------------    -------------------

                         (clock clk rise edge)       10.000    10.000 r  
    AC18                                              0.000    10.000 r  clk (IN)
                         net (fo=0)                   0.000    10.000    clk
    AC18                 IBUF (Prop_ibuf_I_O)         0.533    10.533 r  clk_IBUF_inst/O
                         net (fo=1, routed)           2.159    12.692    clk_IBUF
    BUFGCTRL_X0Y0        BUFG (Prop_bufg_I_O)         0.083    12.775 r  clk_IBUF_BUFG_inst/O
                         net (fo=19, routed)          1.478    14.253    disp_inst/clkdiv_inst/clk
    SLICE_X20Y27         FDRE                                         r  disp_inst/clkdiv_inst/div_res_reg[10]/C
                         clock pessimism              0.351    14.604    
                         clock uncertainty           -0.035    14.569    
    SLICE_X20Y27         FDRE (Setup_fdre_C_D)        0.076    14.645    disp_inst/clkdiv_inst/div_res_reg[10]
  -------------------------------------------------------------------
                         required time                         14.645    
                         arrival time                          -5.699    
  -------------------------------------------------------------------
                         slack                                  8.946    





Min Delay Paths
--------------------------------------------------------------------------------------
Slack (MET) :             0.208ns  (arrival time - required time)
  Source:                 disp_inst/clkdiv_inst/div_res_reg[10]/C
                            (rising edge-triggered cell FDRE clocked by clk  {rise@0.000ns fall@5.000ns period=10.000ns})
  Destination:            disp_inst/clkdiv_inst/div_res_reg[10]/D
                            (rising edge-triggered cell FDRE clocked by clk  {rise@0.000ns fall@5.000ns period=10.000ns})
  Path Group:             clk
  Path Type:              Hold (Min at Fast Process Corner)
  Requirement:            0.000ns  (clk rise@0.000ns - clk rise@0.000ns)
  Data Path Delay:        0.300ns  (logic 0.193ns (64.346%)  route 0.107ns (35.654%))
  Logic Levels:           1  (CARRY4=1)
  Clock Path Skew:        0.000ns (DCD - SCD - CPR)
    Destination Clock Delay (DCD):    2.396ns
    Source Clock Delay      (SCD):    1.919ns
    Clock Pessimism Removal (CPR):    0.477ns

    Location             Delay type                Incr(ns)  Path(ns)    Netlist Resource(s)
  -------------------------------------------------------------------    -------------------
                         (clock clk rise edge)        0.000     0.000 r  
    AC18                                              0.000     0.000 r  clk (IN)
                         net (fo=0)                   0.000     0.000    clk
    AC18                 IBUF (Prop_ibuf_I_O)         0.146     0.146 r  clk_IBUF_inst/O
                         net (fo=1, routed)           1.074     1.220    clk_IBUF
    BUFGCTRL_X0Y0        BUFG (Prop_bufg_I_O)         0.026     1.246 r  clk_IBUF_BUFG_inst/O
                         net (fo=19, routed)          0.673     1.919    disp_inst/clkdiv_inst/clk
    SLICE_X20Y27         FDRE                                         r  disp_inst/clkdiv_inst/div_res_reg[10]/C
  -------------------------------------------------------------------    -------------------
    SLICE_X20Y27         FDRE (Prop_fdre_C_Q)         0.118     2.037 r  disp_inst/clkdiv_inst/div_res_reg[10]/Q
                         net (fo=1, routed)           0.107     2.144    disp_inst/clkdiv_inst/div_res_reg_n_0_[10]
    SLICE_X20Y27         CARRY4 (Prop_carry4_S[2]_O[2])
                                                      0.075     2.219 r  disp_inst/clkdiv_inst/div_res_reg[8]_i_1/O[2]
                         net (fo=1, routed)           0.000     2.219    disp_inst/clkdiv_inst/div_res_reg[8]_i_1_n_5
    SLICE_X20Y27         FDRE                                         r  disp_inst/clkdiv_inst/div_res_reg[10]/D
  -------------------------------------------------------------------    -------------------

                         (clock clk rise edge)        0.000     0.000 r  
    AC18                                              0.000     0.000 r  clk (IN)
                         net (fo=0)                   0.000     0.000    clk
    AC18                 IBUF (Prop_ibuf_I_O)         0.312     0.312 r  clk_IBUF_inst/O
                         net (fo=1, routed)           1.143     1.455    clk_IBUF
    BUFGCTRL_X0Y0        BUFG (Prop_bufg_I_O)         0.030     1.485 r  clk_IBUF_BUFG_inst/O
                         net (fo=19, routed)          0.911     2.396    disp_inst/clkdiv_inst/clk
    SLICE_X20Y27         FDRE                                         r  disp_inst/clkdiv_inst/div_res_reg[10]/C
                         clock pessimism             -0.477     1.919    
    SLICE_X20Y27         FDRE (Hold_fdre_C_D)         0.092     2.011    disp_inst/clkdiv_inst/div_res_reg[10]
  -------------------------------------------------------------------
                         required time                         -2.011    
                         arrival time                           2.219    
  -------------------------------------------------------------------
                         slack                                  0.208    

Slack (MET) :             0.208ns  (arrival time - required time)
  Source:                 disp_inst/clkdiv_inst/div_res_reg[14]/C
                            (rising edge-triggered cell FDRE clocked by clk  {rise@0.000ns fall@5.000ns period=10.000ns})
  Destination:            disp_inst/clkdiv_inst/div_res_reg[14]/D
                            (rising edge-triggered cell FDRE clocked by clk  {rise@0.000ns fall@5.000ns period=10.000ns})
  Path Group:             clk
  Path Type:              Hold (Min at Fast Process Corner)
  Requirement:            0.000ns  (clk rise@0.000ns - clk rise@0.000ns)
  Data Path Delay:        0.300ns  (logic 0.193ns (64.346%)  route 0.107ns (35.654%))
  Logic Levels:           1  (CARRY4=1)
  Clock Path Skew:        0.000ns (DCD - SCD - CPR)
    Destination Clock Delay (DCD):    2.397ns
    Source Clock Delay      (SCD):    1.920ns
    Clock Pessimism Removal (CPR):    0.477ns

    Location             Delay type                Incr(ns)  Path(ns)    Netlist Resource(s)
  -------------------------------------------------------------------    -------------------
                         (clock clk rise edge)        0.000     0.000 r  
    AC18                                              0.000     0.000 r  clk (IN)
                         net (fo=0)                   0.000     0.000    clk
    AC18                 IBUF (Prop_ibuf_I_O)         0.146     0.146 r  clk_IBUF_inst/O
                         net (fo=1, routed)           1.074     1.220    clk_IBUF
    BUFGCTRL_X0Y0        BUFG (Prop_bufg_I_O)         0.026     1.246 r  clk_IBUF_BUFG_inst/O
                         net (fo=19, routed)          0.674     1.920    disp_inst/clkdiv_inst/clk
    SLICE_X20Y28         FDRE                                         r  disp_inst/clkdiv_inst/div_res_reg[14]/C
  -------------------------------------------------------------------    -------------------
    SLICE_X20Y28         FDRE (Prop_fdre_C_Q)         0.118     2.038 r  disp_inst/clkdiv_inst/div_res_reg[14]/Q
                         net (fo=1, routed)           0.107     2.145    disp_inst/clkdiv_inst/div_res_reg_n_0_[14]
    SLICE_X20Y28         CARRY4 (Prop_carry4_S[2]_O[2])
                                                      0.075     2.220 r  disp_inst/clkdiv_inst/div_res_reg[12]_i_1/O[2]
                         net (fo=1, routed)           0.000     2.220    disp_inst/clkdiv_inst/div_res_reg[12]_i_1_n_5
    SLICE_X20Y28         FDRE                                         r  disp_inst/clkdiv_inst/div_res_reg[14]/D
  -------------------------------------------------------------------    -------------------

                         (clock clk rise edge)        0.000     0.000 r  
    AC18                                              0.000     0.000 r  clk (IN)
                         net (fo=0)                   0.000     0.000    clk
    AC18                 IBUF (Prop_ibuf_I_O)         0.312     0.312 r  clk_IBUF_inst/O
                         net (fo=1, routed)           1.143     1.455    clk_IBUF
    BUFGCTRL_X0Y0        BUFG (Prop_bufg_I_O)         0.030     1.485 r  clk_IBUF_BUFG_inst/O
                         net (fo=19, routed)          0.912     2.397    disp_inst/clkdiv_inst/clk
    SLICE_X20Y28         FDRE                                         r  disp_inst/clkdiv_inst/div_res_reg[14]/C
                         clock pessimism             -0.477     1.920    
    SLICE_X20Y28         FDRE (Hold_fdre_C_D)         0.092     2.012    disp_inst/clkdiv_inst/div_res_reg[14]
  -------------------------------------------------------------------
                         required time                         -2.012    
                         arrival time                           2.220    
  -------------------------------------------------------------------
                         slack                                  0.208    

Slack (MET) :             0.208ns  (arrival time - required time)
  Source:                 disp_inst/clkdiv_inst/div_res_reg[6]/C
                            (rising edge-triggered cell FDRE clocked by clk  {rise@0.000ns fall@5.000ns period=10.000ns})
  Destination:            disp_inst/clkdiv_inst/div_res_reg[6]/D
                            (rising edge-triggered cell FDRE clocked by clk  {rise@0.000ns fall@5.000ns period=10.000ns})
  Path Group:             clk
  Path Type:              Hold (Min at Fast Process Corner)
  Requirement:            0.000ns  (clk rise@0.000ns - clk rise@0.000ns)
  Data Path Delay:        0.300ns  (logic 0.193ns (64.346%)  route 0.107ns (35.654%))
  Logic Levels:           1  (CARRY4=1)
  Clock Path Skew:        0.000ns (DCD - SCD - CPR)
    Destination Clock Delay (DCD):    2.394ns
    Source Clock Delay      (SCD):    1.918ns
    Clock Pessimism Removal (CPR):    0.476ns

    Location             Delay type                Incr(ns)  Path(ns)    Netlist Resource(s)
  -------------------------------------------------------------------    -------------------
                         (clock clk rise edge)        0.000     0.000 r  
    AC18                                              0.000     0.000 r  clk (IN)
                         net (fo=0)                   0.000     0.000    clk
    AC18                 IBUF (Prop_ibuf_I_O)         0.146     0.146 r  clk_IBUF_inst/O
                         net (fo=1, routed)           1.074     1.220    clk_IBUF
    BUFGCTRL_X0Y0        BUFG (Prop_bufg_I_O)         0.026     1.246 r  clk_IBUF_BUFG_inst/O
                         net (fo=19, routed)          0.672     1.918    disp_inst/clkdiv_inst/clk
    SLICE_X20Y26         FDRE                                         r  disp_inst/clkdiv_inst/div_res_reg[6]/C
  -------------------------------------------------------------------    -------------------
    SLICE_X20Y26         FDRE (Prop_fdre_C_Q)         0.118     2.036 r  disp_inst/clkdiv_inst/div_res_reg[6]/Q
                         net (fo=1, routed)           0.107     2.143    disp_inst/clkdiv_inst/div_res_reg_n_0_[6]
    SLICE_X20Y26         CARRY4 (Prop_carry4_S[2]_O[2])
                                                      0.075     2.218 r  disp_inst/clkdiv_inst/div_res_reg[4]_i_1/O[2]
                         net (fo=1, routed)           0.000     2.218    disp_inst/clkdiv_inst/div_res_reg[4]_i_1_n_5
    SLICE_X20Y26         FDRE                                         r  disp_inst/clkdiv_inst/div_res_reg[6]/D
  -------------------------------------------------------------------    -------------------

                         (clock clk rise edge)        0.000     0.000 r  
    AC18                                              0.000     0.000 r  clk (IN)
                         net (fo=0)                   0.000     0.000    clk
    AC18                 IBUF (Prop_ibuf_I_O)         0.312     0.312 r  clk_IBUF_inst/O
                         net (fo=1, routed)           1.143     1.455    clk_IBUF
    BUFGCTRL_X0Y0        BUFG (Prop_bufg_I_O)         0.030     1.485 r  clk_IBUF_BUFG_inst/O
                         net (fo=19, routed)          0.909     2.394    disp_inst/clkdiv_inst/clk
    SLICE_X20Y26         FDRE                                         r  disp_inst/clkdiv_inst/div_res_reg[6]/C
                         clock pessimism             -0.476     1.918    
    SLICE_X20Y26         FDRE (Hold_fdre_C_D)         0.092     2.010    disp_inst/clkdiv_inst/div_res_reg[6]
  -------------------------------------------------------------------
                         required time                         -2.010    
                         arrival time                           2.218    
  -------------------------------------------------------------------
                         slack                                  0.208    

Slack (MET) :             0.223ns  (arrival time - required time)
  Source:                 disp_inst/clkdiv_inst/div_res_reg[18]/C
                            (rising edge-triggered cell FDRE clocked by clk  {rise@0.000ns fall@5.000ns period=10.000ns})
  Destination:            disp_inst/clkdiv_inst/div_res_reg[18]/D
                            (rising edge-triggered cell FDRE clocked by clk  {rise@0.000ns fall@5.000ns period=10.000ns})
  Path Group:             clk
  Path Type:              Hold (Min at Fast Process Corner)
  Requirement:            0.000ns  (clk rise@0.000ns - clk rise@0.000ns)
  Data Path Delay:        0.315ns  (logic 0.193ns (61.276%)  route 0.122ns (38.724%))
  Logic Levels:           1  (CARRY4=1)
  Clock Path Skew:        0.000ns (DCD - SCD - CPR)
    Destination Clock Delay (DCD):    2.398ns
    Source Clock Delay      (SCD):    1.921ns
    Clock Pessimism Removal (CPR):    0.477ns

    Location             Delay type                Incr(ns)  Path(ns)    Netlist Resource(s)
  -------------------------------------------------------------------    -------------------
                         (clock clk rise edge)        0.000     0.000 r  
    AC18                                              0.000     0.000 r  clk (IN)
                         net (fo=0)                   0.000     0.000    clk
    AC18                 IBUF (Prop_ibuf_I_O)         0.146     0.146 r  clk_IBUF_inst/O
                         net (fo=1, routed)           1.074     1.220    clk_IBUF
    BUFGCTRL_X0Y0        BUFG (Prop_bufg_I_O)         0.026     1.246 r  clk_IBUF_BUFG_inst/O
                         net (fo=19, routed)          0.675     1.921    disp_inst/clkdiv_inst/clk
    SLICE_X20Y29         FDRE                                         r  disp_inst/clkdiv_inst/div_res_reg[18]/C
  -------------------------------------------------------------------    -------------------
    SLICE_X20Y29         FDRE (Prop_fdre_C_Q)         0.118     2.039 r  disp_inst/clkdiv_inst/div_res_reg[18]/Q
                         net (fo=11, routed)          0.122     2.161    disp_inst/clkdiv_inst/S[1]
    SLICE_X20Y29         CARRY4 (Prop_carry4_S[2]_O[2])
                                                      0.075     2.236 r  disp_inst/clkdiv_inst/div_res_reg[16]_i_1/O[2]
                         net (fo=1, routed)           0.000     2.236    disp_inst/clkdiv_inst/div_res_reg[16]_i_1_n_5
    SLICE_X20Y29         FDRE                                         r  disp_inst/clkdiv_inst/div_res_reg[18]/D
  -------------------------------------------------------------------    -------------------

                         (clock clk rise edge)        0.000     0.000 r  
    AC18                                              0.000     0.000 r  clk (IN)
                         net (fo=0)                   0.000     0.000    clk
    AC18                 IBUF (Prop_ibuf_I_O)         0.312     0.312 r  clk_IBUF_inst/O
                         net (fo=1, routed)           1.143     1.455    clk_IBUF
    BUFGCTRL_X0Y0        BUFG (Prop_bufg_I_O)         0.030     1.485 r  clk_IBUF_BUFG_inst/O
                         net (fo=19, routed)          0.913     2.398    disp_inst/clkdiv_inst/clk
    SLICE_X20Y29         FDRE                                         r  disp_inst/clkdiv_inst/div_res_reg[18]/C
                         clock pessimism             -0.477     1.921    
    SLICE_X20Y29         FDRE (Hold_fdre_C_D)         0.092     2.013    disp_inst/clkdiv_inst/div_res_reg[18]
  -------------------------------------------------------------------
                         required time                         -2.013    
                         arrival time                           2.236    
  -------------------------------------------------------------------
                         slack                                  0.223    

Slack (MET) :             0.234ns  (arrival time - required time)
  Source:                 disp_inst/clkdiv_inst/div_res_reg[10]/C
                            (rising edge-triggered cell FDRE clocked by clk  {rise@0.000ns fall@5.000ns period=10.000ns})
  Destination:            disp_inst/clkdiv_inst/div_res_reg[11]/D
                            (rising edge-triggered cell FDRE clocked by clk  {rise@0.000ns fall@5.000ns period=10.000ns})
  Path Group:             clk
  Path Type:              Hold (Min at Fast Process Corner)
  Requirement:            0.000ns  (clk rise@0.000ns - clk rise@0.000ns)
  Data Path Delay:        0.326ns  (logic 0.219ns (67.190%)  route 0.107ns (32.810%))
  Logic Levels:           1  (CARRY4=1)
  Clock Path Skew:        0.000ns (DCD - SCD - CPR)
    Destination Clock Delay (DCD):    2.396ns
    Source Clock Delay      (SCD):    1.919ns
    Clock Pessimism Removal (CPR):    0.477ns

    Location             Delay type                Incr(ns)  Path(ns)    Netlist Resource(s)
  -------------------------------------------------------------------    -------------------
                         (clock clk rise edge)        0.000     0.000 r  
    AC18                                              0.000     0.000 r  clk (IN)
                         net (fo=0)                   0.000     0.000    clk
    AC18                 IBUF (Prop_ibuf_I_O)         0.146     0.146 r  clk_IBUF_inst/O
                         net (fo=1, routed)           1.074     1.220    clk_IBUF
    BUFGCTRL_X0Y0        BUFG (Prop_bufg_I_O)         0.026     1.246 r  clk_IBUF_BUFG_inst/O
                         net (fo=19, routed)          0.673     1.919    disp_inst/clkdiv_inst/clk
    SLICE_X20Y27         FDRE                                         r  disp_inst/clkdiv_inst/div_res_reg[10]/C
  -------------------------------------------------------------------    -------------------
    SLICE_X20Y27         FDRE (Prop_fdre_C_Q)         0.118     2.037 r  disp_inst/clkdiv_inst/div_res_reg[10]/Q
                         net (fo=1, routed)           0.107     2.144    disp_inst/clkdiv_inst/div_res_reg_n_0_[10]
    SLICE_X20Y27         CARRY4 (Prop_carry4_S[2]_O[3])
                                                      0.101     2.245 r  disp_inst/clkdiv_inst/div_res_reg[8]_i_1/O[3]
                         net (fo=1, routed)           0.000     2.245    disp_inst/clkdiv_inst/div_res_reg[8]_i_1_n_4
    SLICE_X20Y27         FDRE                                         r  disp_inst/clkdiv_inst/div_res_reg[11]/D
  -------------------------------------------------------------------    -------------------

                         (clock clk rise edge)        0.000     0.000 r  
    AC18                                              0.000     0.000 r  clk (IN)
                         net (fo=0)                   0.000     0.000    clk
    AC18                 IBUF (Prop_ibuf_I_O)         0.312     0.312 r  clk_IBUF_inst/O
                         net (fo=1, routed)           1.143     1.455    clk_IBUF
    BUFGCTRL_X0Y0        BUFG (Prop_bufg_I_O)         0.030     1.485 r  clk_IBUF_BUFG_inst/O
                         net (fo=19, routed)          0.911     2.396    disp_inst/clkdiv_inst/clk
    SLICE_X20Y27         FDRE                                         r  disp_inst/clkdiv_inst/div_res_reg[11]/C
                         clock pessimism             -0.477     1.919    
    SLICE_X20Y27         FDRE (Hold_fdre_C_D)         0.092     2.011    disp_inst/clkdiv_inst/div_res_reg[11]
  -------------------------------------------------------------------
                         required time                         -2.011    
                         arrival time                           2.245    
  -------------------------------------------------------------------
                         slack                                  0.234    

Slack (MET) :             0.234ns  (arrival time - required time)
  Source:                 disp_inst/clkdiv_inst/div_res_reg[14]/C
                            (rising edge-triggered cell FDRE clocked by clk  {rise@0.000ns fall@5.000ns period=10.000ns})
  Destination:            disp_inst/clkdiv_inst/div_res_reg[15]/D
                            (rising edge-triggered cell FDRE clocked by clk  {rise@0.000ns fall@5.000ns period=10.000ns})
  Path Group:             clk
  Path Type:              Hold (Min at Fast Process Corner)
  Requirement:            0.000ns  (clk rise@0.000ns - clk rise@0.000ns)
  Data Path Delay:        0.326ns  (logic 0.219ns (67.190%)  route 0.107ns (32.810%))
  Logic Levels:           1  (CARRY4=1)
  Clock Path Skew:        0.000ns (DCD - SCD - CPR)
    Destination Clock Delay (DCD):    2.397ns
    Source Clock Delay      (SCD):    1.920ns
    Clock Pessimism Removal (CPR):    0.477ns

    Location             Delay type                Incr(ns)  Path(ns)    Netlist Resource(s)
  -------------------------------------------------------------------    -------------------
                         (clock clk rise edge)        0.000     0.000 r  
    AC18                                              0.000     0.000 r  clk (IN)
                         net (fo=0)                   0.000     0.000    clk
    AC18                 IBUF (Prop_ibuf_I_O)         0.146     0.146 r  clk_IBUF_inst/O
                         net (fo=1, routed)           1.074     1.220    clk_IBUF
    BUFGCTRL_X0Y0        BUFG (Prop_bufg_I_O)         0.026     1.246 r  clk_IBUF_BUFG_inst/O
                         net (fo=19, routed)          0.674     1.920    disp_inst/clkdiv_inst/clk
    SLICE_X20Y28         FDRE                                         r  disp_inst/clkdiv_inst/div_res_reg[14]/C
  -------------------------------------------------------------------    -------------------
    SLICE_X20Y28         FDRE (Prop_fdre_C_Q)         0.118     2.038 r  disp_inst/clkdiv_inst/div_res_reg[14]/Q
                         net (fo=1, routed)           0.107     2.145    disp_inst/clkdiv_inst/div_res_reg_n_0_[14]
    SLICE_X20Y28         CARRY4 (Prop_carry4_S[2]_O[3])
                                                      0.101     2.246 r  disp_inst/clkdiv_inst/div_res_reg[12]_i_1/O[3]
                         net (fo=1, routed)           0.000     2.246    disp_inst/clkdiv_inst/div_res_reg[12]_i_1_n_4
    SLICE_X20Y28         FDRE                                         r  disp_inst/clkdiv_inst/div_res_reg[15]/D
  -------------------------------------------------------------------    -------------------

                         (clock clk rise edge)        0.000     0.000 r  
    AC18                                              0.000     0.000 r  clk (IN)
                         net (fo=0)                   0.000     0.000    clk
    AC18                 IBUF (Prop_ibuf_I_O)         0.312     0.312 r  clk_IBUF_inst/O
                         net (fo=1, routed)           1.143     1.455    clk_IBUF
    BUFGCTRL_X0Y0        BUFG (Prop_bufg_I_O)         0.030     1.485 r  clk_IBUF_BUFG_inst/O
                         net (fo=19, routed)          0.912     2.397    disp_inst/clkdiv_inst/clk
    SLICE_X20Y28         FDRE                                         r  disp_inst/clkdiv_inst/div_res_reg[15]/C
                         clock pessimism             -0.477     1.920    
    SLICE_X20Y28         FDRE (Hold_fdre_C_D)         0.092     2.012    disp_inst/clkdiv_inst/div_res_reg[15]
  -------------------------------------------------------------------
                         required time                         -2.012    
                         arrival time                           2.246    
  -------------------------------------------------------------------
                         slack                                  0.234    

Slack (MET) :             0.234ns  (arrival time - required time)
  Source:                 disp_inst/clkdiv_inst/div_res_reg[6]/C
                            (rising edge-triggered cell FDRE clocked by clk  {rise@0.000ns fall@5.000ns period=10.000ns})
  Destination:            disp_inst/clkdiv_inst/div_res_reg[7]/D
                            (rising edge-triggered cell FDRE clocked by clk  {rise@0.000ns fall@5.000ns period=10.000ns})
  Path Group:             clk
  Path Type:              Hold (Min at Fast Process Corner)
  Requirement:            0.000ns  (clk rise@0.000ns - clk rise@0.000ns)
  Data Path Delay:        0.326ns  (logic 0.219ns (67.190%)  route 0.107ns (32.810%))
  Logic Levels:           1  (CARRY4=1)
  Clock Path Skew:        0.000ns (DCD - SCD - CPR)
    Destination Clock Delay (DCD):    2.394ns
    Source Clock Delay      (SCD):    1.918ns
    Clock Pessimism Removal (CPR):    0.476ns

    Location             Delay type                Incr(ns)  Path(ns)    Netlist Resource(s)
  -------------------------------------------------------------------    -------------------
                         (clock clk rise edge)        0.000     0.000 r  
    AC18                                              0.000     0.000 r  clk (IN)
                         net (fo=0)                   0.000     0.000    clk
    AC18                 IBUF (Prop_ibuf_I_O)         0.146     0.146 r  clk_IBUF_inst/O
                         net (fo=1, routed)           1.074     1.220    clk_IBUF
    BUFGCTRL_X0Y0        BUFG (Prop_bufg_I_O)         0.026     1.246 r  clk_IBUF_BUFG_inst/O
                         net (fo=19, routed)          0.672     1.918    disp_inst/clkdiv_inst/clk
    SLICE_X20Y26         FDRE                                         r  disp_inst/clkdiv_inst/div_res_reg[6]/C
  -------------------------------------------------------------------    -------------------
    SLICE_X20Y26         FDRE (Prop_fdre_C_Q)         0.118     2.036 r  disp_inst/clkdiv_inst/div_res_reg[6]/Q
                         net (fo=1, routed)           0.107     2.143    disp_inst/clkdiv_inst/div_res_reg_n_0_[6]
    SLICE_X20Y26         CARRY4 (Prop_carry4_S[2]_O[3])
                                                      0.101     2.244 r  disp_inst/clkdiv_inst/div_res_reg[4]_i_1/O[3]
                         net (fo=1, routed)           0.000     2.244    disp_inst/clkdiv_inst/div_res_reg[4]_i_1_n_4
    SLICE_X20Y26         FDRE                                         r  disp_inst/clkdiv_inst/div_res_reg[7]/D
  -------------------------------------------------------------------    -------------------

                         (clock clk rise edge)        0.000     0.000 r  
    AC18                                              0.000     0.000 r  clk (IN)
                         net (fo=0)                   0.000     0.000    clk
    AC18                 IBUF (Prop_ibuf_I_O)         0.312     0.312 r  clk_IBUF_inst/O
                         net (fo=1, routed)           1.143     1.455    clk_IBUF
    BUFGCTRL_X0Y0        BUFG (Prop_bufg_I_O)         0.030     1.485 r  clk_IBUF_BUFG_inst/O
                         net (fo=19, routed)          0.909     2.394    disp_inst/clkdiv_inst/clk
    SLICE_X20Y26         FDRE                                         r  disp_inst/clkdiv_inst/div_res_reg[7]/C
                         clock pessimism             -0.476     1.918    
    SLICE_X20Y26         FDRE (Hold_fdre_C_D)         0.092     2.010    disp_inst/clkdiv_inst/div_res_reg[7]
  -------------------------------------------------------------------
                         required time                         -2.010    
                         arrival time                           2.244    
  -------------------------------------------------------------------
                         slack                                  0.234    

Slack (MET) :             0.243ns  (arrival time - required time)
  Source:                 disp_inst/clkdiv_inst/div_res_reg[0]/C
                            (rising edge-triggered cell FDRE clocked by clk  {rise@0.000ns fall@5.000ns period=10.000ns})
  Destination:            disp_inst/clkdiv_inst/div_res_reg[0]/D
                            (rising edge-triggered cell FDRE clocked by clk  {rise@0.000ns fall@5.000ns period=10.000ns})
  Path Group:             clk
  Path Type:              Hold (Min at Fast Process Corner)
  Requirement:            0.000ns  (clk rise@0.000ns - clk rise@0.000ns)
  Data Path Delay:        0.335ns  (logic 0.196ns (58.590%)  route 0.139ns (41.410%))
  Logic Levels:           2  (CARRY4=1 LUT1=1)
  Clock Path Skew:        0.000ns (DCD - SCD - CPR)
    Destination Clock Delay (DCD):    2.393ns
    Source Clock Delay      (SCD):    1.917ns
    Clock Pessimism Removal (CPR):    0.476ns

    Location             Delay type                Incr(ns)  Path(ns)    Netlist Resource(s)
  -------------------------------------------------------------------    -------------------
                         (clock clk rise edge)        0.000     0.000 r  
    AC18                                              0.000     0.000 r  clk (IN)
                         net (fo=0)                   0.000     0.000    clk
    AC18                 IBUF (Prop_ibuf_I_O)         0.146     0.146 r  clk_IBUF_inst/O
                         net (fo=1, routed)           1.074     1.220    clk_IBUF
    BUFGCTRL_X0Y0        BUFG (Prop_bufg_I_O)         0.026     1.246 r  clk_IBUF_BUFG_inst/O
                         net (fo=19, routed)          0.671     1.917    disp_inst/clkdiv_inst/clk
    SLICE_X20Y25         FDRE                                         r  disp_inst/clkdiv_inst/div_res_reg[0]/C
  -------------------------------------------------------------------    -------------------
    SLICE_X20Y25         FDRE (Prop_fdre_C_Q)         0.118     2.035 f  disp_inst/clkdiv_inst/div_res_reg[0]/Q
                         net (fo=1, routed)           0.139     2.173    disp_inst/clkdiv_inst/div_res_reg_n_0_[0]
    SLICE_X20Y25         LUT1 (Prop_lut1_I0_O)        0.028     2.201 r  disp_inst/clkdiv_inst/div_res[0]_i_2/O
                         net (fo=1, routed)           0.000     2.201    disp_inst/clkdiv_inst/div_res[0]_i_2_n_0
    SLICE_X20Y25         CARRY4 (Prop_carry4_S[0]_O[0])
                                                      0.050     2.251 r  disp_inst/clkdiv_inst/div_res_reg[0]_i_1/O[0]
                         net (fo=1, routed)           0.000     2.251    disp_inst/clkdiv_inst/div_res_reg[0]_i_1_n_7
    SLICE_X20Y25         FDRE                                         r  disp_inst/clkdiv_inst/div_res_reg[0]/D
  -------------------------------------------------------------------    -------------------

                         (clock clk rise edge)        0.000     0.000 r  
    AC18                                              0.000     0.000 r  clk (IN)
                         net (fo=0)                   0.000     0.000    clk
    AC18                 IBUF (Prop_ibuf_I_O)         0.312     0.312 r  clk_IBUF_inst/O
                         net (fo=1, routed)           1.143     1.455    clk_IBUF
    BUFGCTRL_X0Y0        BUFG (Prop_bufg_I_O)         0.030     1.485 r  clk_IBUF_BUFG_inst/O
                         net (fo=19, routed)          0.908     2.393    disp_inst/clkdiv_inst/clk
    SLICE_X20Y25         FDRE                                         r  disp_inst/clkdiv_inst/div_res_reg[0]/C
                         clock pessimism             -0.476     1.917    
    SLICE_X20Y25         FDRE (Hold_fdre_C_D)         0.092     2.009    disp_inst/clkdiv_inst/div_res_reg[0]
  -------------------------------------------------------------------
                         required time                         -2.009    
                         arrival time                           2.251    
  -------------------------------------------------------------------
                         slack                                  0.243    

Slack (MET) :             0.253ns  (arrival time - required time)
  Source:                 disp_inst/clkdiv_inst/div_res_reg[12]/C
                            (rising edge-triggered cell FDRE clocked by clk  {rise@0.000ns fall@5.000ns period=10.000ns})
  Destination:            disp_inst/clkdiv_inst/div_res_reg[12]/D
                            (rising edge-triggered cell FDRE clocked by clk  {rise@0.000ns fall@5.000ns period=10.000ns})
  Path Group:             clk
  Path Type:              Hold (Min at Fast Process Corner)
  Requirement:            0.000ns  (clk rise@0.000ns - clk rise@0.000ns)
  Data Path Delay:        0.345ns  (logic 0.196ns (56.823%)  route 0.149ns (43.177%))
  Logic Levels:           1  (CARRY4=1)
  Clock Path Skew:        0.000ns (DCD - SCD - CPR)
    Destination Clock Delay (DCD):    2.397ns
    Source Clock Delay      (SCD):    1.920ns
    Clock Pessimism Removal (CPR):    0.477ns

    Location             Delay type                Incr(ns)  Path(ns)    Netlist Resource(s)
  -------------------------------------------------------------------    -------------------
                         (clock clk rise edge)        0.000     0.000 r  
    AC18                                              0.000     0.000 r  clk (IN)
                         net (fo=0)                   0.000     0.000    clk
    AC18                 IBUF (Prop_ibuf_I_O)         0.146     0.146 r  clk_IBUF_inst/O
                         net (fo=1, routed)           1.074     1.220    clk_IBUF
    BUFGCTRL_X0Y0        BUFG (Prop_bufg_I_O)         0.026     1.246 r  clk_IBUF_BUFG_inst/O
                         net (fo=19, routed)          0.674     1.920    disp_inst/clkdiv_inst/clk
    SLICE_X20Y28         FDRE                                         r  disp_inst/clkdiv_inst/div_res_reg[12]/C
  -------------------------------------------------------------------    -------------------
    SLICE_X20Y28         FDRE (Prop_fdre_C_Q)         0.118     2.038 r  disp_inst/clkdiv_inst/div_res_reg[12]/Q
                         net (fo=1, routed)           0.149     2.187    disp_inst/clkdiv_inst/div_res_reg_n_0_[12]
    SLICE_X20Y28         CARRY4 (Prop_carry4_S[0]_O[0])
                                                      0.078     2.265 r  disp_inst/clkdiv_inst/div_res_reg[12]_i_1/O[0]
                         net (fo=1, routed)           0.000     2.265    disp_inst/clkdiv_inst/div_res_reg[12]_i_1_n_7
    SLICE_X20Y28         FDRE                                         r  disp_inst/clkdiv_inst/div_res_reg[12]/D
  -------------------------------------------------------------------    -------------------

                         (clock clk rise edge)        0.000     0.000 r  
    AC18                                              0.000     0.000 r  clk (IN)
                         net (fo=0)                   0.000     0.000    clk
    AC18                 IBUF (Prop_ibuf_I_O)         0.312     0.312 r  clk_IBUF_inst/O
                         net (fo=1, routed)           1.143     1.455    clk_IBUF
    BUFGCTRL_X0Y0        BUFG (Prop_bufg_I_O)         0.030     1.485 r  clk_IBUF_BUFG_inst/O
                         net (fo=19, routed)          0.912     2.397    disp_inst/clkdiv_inst/clk
    SLICE_X20Y28         FDRE                                         r  disp_inst/clkdiv_inst/div_res_reg[12]/C
                         clock pessimism             -0.477     1.920    
    SLICE_X20Y28         FDRE (Hold_fdre_C_D)         0.092     2.012    disp_inst/clkdiv_inst/div_res_reg[12]
  -------------------------------------------------------------------
                         required time                         -2.012    
                         arrival time                           2.265    
  -------------------------------------------------------------------
                         slack                                  0.253    

Slack (MET) :             0.253ns  (arrival time - required time)
  Source:                 disp_inst/clkdiv_inst/div_res_reg[16]/C
                            (rising edge-triggered cell FDRE clocked by clk  {rise@0.000ns fall@5.000ns period=10.000ns})
  Destination:            disp_inst/clkdiv_inst/div_res_reg[16]/D
                            (rising edge-triggered cell FDRE clocked by clk  {rise@0.000ns fall@5.000ns period=10.000ns})
  Path Group:             clk
  Path Type:              Hold (Min at Fast Process Corner)
  Requirement:            0.000ns  (clk rise@0.000ns - clk rise@0.000ns)
  Data Path Delay:        0.345ns  (logic 0.196ns (56.823%)  route 0.149ns (43.177%))
  Logic Levels:           1  (CARRY4=1)
  Clock Path Skew:        0.000ns (DCD - SCD - CPR)
    Destination Clock Delay (DCD):    2.398ns
    Source Clock Delay      (SCD):    1.921ns
    Clock Pessimism Removal (CPR):    0.477ns

    Location             Delay type                Incr(ns)  Path(ns)    Netlist Resource(s)
  -------------------------------------------------------------------    -------------------
                         (clock clk rise edge)        0.000     0.000 r  
    AC18                                              0.000     0.000 r  clk (IN)
                         net (fo=0)                   0.000     0.000    clk
    AC18                 IBUF (Prop_ibuf_I_O)         0.146     0.146 r  clk_IBUF_inst/O
                         net (fo=1, routed)           1.074     1.220    clk_IBUF
    BUFGCTRL_X0Y0        BUFG (Prop_bufg_I_O)         0.026     1.246 r  clk_IBUF_BUFG_inst/O
                         net (fo=19, routed)          0.675     1.921    disp_inst/clkdiv_inst/clk
    SLICE_X20Y29         FDRE                                         r  disp_inst/clkdiv_inst/div_res_reg[16]/C
  -------------------------------------------------------------------    -------------------
    SLICE_X20Y29         FDRE (Prop_fdre_C_Q)         0.118     2.039 r  disp_inst/clkdiv_inst/div_res_reg[16]/Q
                         net (fo=1, routed)           0.149     2.188    disp_inst/clkdiv_inst/div_res_reg_n_0_[16]
    SLICE_X20Y29         CARRY4 (Prop_carry4_S[0]_O[0])
                                                      0.078     2.266 r  disp_inst/clkdiv_inst/div_res_reg[16]_i_1/O[0]
                         net (fo=1, routed)           0.000     2.266    disp_inst/clkdiv_inst/div_res_reg[16]_i_1_n_7
    SLICE_X20Y29         FDRE                                         r  disp_inst/clkdiv_inst/div_res_reg[16]/D
  -------------------------------------------------------------------    -------------------

                         (clock clk rise edge)        0.000     0.000 r  
    AC18                                              0.000     0.000 r  clk (IN)
                         net (fo=0)                   0.000     0.000    clk
    AC18                 IBUF (Prop_ibuf_I_O)         0.312     0.312 r  clk_IBUF_inst/O
                         net (fo=1, routed)           1.143     1.455    clk_IBUF
    BUFGCTRL_X0Y0        BUFG (Prop_bufg_I_O)         0.030     1.485 r  clk_IBUF_BUFG_inst/O
                         net (fo=19, routed)          0.913     2.398    disp_inst/clkdiv_inst/clk
    SLICE_X20Y29         FDRE                                         r  disp_inst/clkdiv_inst/div_res_reg[16]/C
                         clock pessimism             -0.477     1.921    
    SLICE_X20Y29         FDRE (Hold_fdre_C_D)         0.092     2.013    disp_inst/clkdiv_inst/div_res_reg[16]
  -------------------------------------------------------------------
                         required time                         -2.013    
                         arrival time                           2.266    
  -------------------------------------------------------------------
                         slack                                  0.253    





Pulse Width Checks
--------------------------------------------------------------------------------------
Clock Name:         clk
Waveform(ns):       { 0.000 5.000 }
Period(ns):         10.000
Sources:            { clk }

Check Type        Corner  Lib Pin  Reference Pin  Required(ns)  Actual(ns)  Slack(ns)  Location       Pin
Min Period        n/a     BUFG/I   n/a            1.408         10.000      8.591      BUFGCTRL_X0Y0  clk_IBUF_BUFG_inst/I
Min Period        n/a     FDRE/C   n/a            0.700         10.000      9.300      SLICE_X20Y25   disp_inst/clkdiv_inst/div_res_reg[0]/C
Min Period        n/a     FDRE/C   n/a            0.700         10.000      9.300      SLICE_X20Y27   disp_inst/clkdiv_inst/div_res_reg[10]/C
Min Period        n/a     FDRE/C   n/a            0.700         10.000      9.300      SLICE_X20Y27   disp_inst/clkdiv_inst/div_res_reg[11]/C
Min Period        n/a     FDRE/C   n/a            0.700         10.000      9.300      SLICE_X20Y28   disp_inst/clkdiv_inst/div_res_reg[12]/C
Min Period        n/a     FDRE/C   n/a            0.700         10.000      9.300      SLICE_X20Y28   disp_inst/clkdiv_inst/div_res_reg[13]/C
Min Period        n/a     FDRE/C   n/a            0.700         10.000      9.300      SLICE_X20Y28   disp_inst/clkdiv_inst/div_res_reg[14]/C
Min Period        n/a     FDRE/C   n/a            0.700         10.000      9.300      SLICE_X20Y28   disp_inst/clkdiv_inst/div_res_reg[15]/C
Min Period        n/a     FDRE/C   n/a            0.700         10.000      9.300      SLICE_X20Y29   disp_inst/clkdiv_inst/div_res_reg[16]/C
Min Period        n/a     FDRE/C   n/a            0.700         10.000      9.300      SLICE_X20Y29   disp_inst/clkdiv_inst/div_res_reg[17]/C
Low Pulse Width   Slow    FDRE/C   n/a            0.350         5.000       4.650      SLICE_X20Y29   disp_inst/clkdiv_inst/div_res_reg[16]/C
Low Pulse Width   Slow    FDRE/C   n/a            0.350         5.000       4.650      SLICE_X20Y29   disp_inst/clkdiv_inst/div_res_reg[17]/C
Low Pulse Width   Slow    FDRE/C   n/a            0.350         5.000       4.650      SLICE_X20Y29   disp_inst/clkdiv_inst/div_res_reg[18]/C
Low Pulse Width   Slow    FDRE/C   n/a            0.350         5.000       4.650      SLICE_X20Y27   disp_inst/clkdiv_inst/div_res_reg[10]/C
Low Pulse Width   Slow    FDRE/C   n/a            0.350         5.000       4.650      SLICE_X20Y27   disp_inst/clkdiv_inst/div_res_reg[11]/C
Low Pulse Width   Slow    FDRE/C   n/a            0.350         5.000       4.650      SLICE_X20Y28   disp_inst/clkdiv_inst/div_res_reg[12]/C
Low Pulse Width   Slow    FDRE/C   n/a            0.350         5.000       4.650      SLICE_X20Y28   disp_inst/clkdiv_inst/div_res_reg[13]/C
Low Pulse Width   Slow    FDRE/C   n/a            0.350         5.000       4.650      SLICE_X20Y28   disp_inst/clkdiv_inst/div_res_reg[14]/C
Low Pulse Width   Slow    FDRE/C   n/a            0.350         5.000       4.650      SLICE_X20Y28   disp_inst/clkdiv_inst/div_res_reg[15]/C
Low Pulse Width   Slow    FDRE/C   n/a            0.350         5.000       4.650      SLICE_X20Y27   disp_inst/clkdiv_inst/div_res_reg[8]/C
High Pulse Width  Fast    FDRE/C   n/a            0.350         5.000       4.650      SLICE_X20Y25   disp_inst/clkdiv_inst/div_res_reg[0]/C
High Pulse Width  Fast    FDRE/C   n/a            0.350         5.000       4.650      SLICE_X20Y29   disp_inst/clkdiv_inst/div_res_reg[16]/C
High Pulse Width  Fast    FDRE/C   n/a            0.350         5.000       4.650      SLICE_X20Y29   disp_inst/clkdiv_inst/div_res_reg[17]/C
High Pulse Width  Fast    FDRE/C   n/a            0.350         5.000       4.650      SLICE_X20Y29   disp_inst/clkdiv_inst/div_res_reg[18]/C
High Pulse Width  Fast    FDRE/C   n/a            0.350         5.000       4.650      SLICE_X20Y25   disp_inst/clkdiv_inst/div_res_reg[1]/C
High Pulse Width  Fast    FDRE/C   n/a            0.350         5.000       4.650      SLICE_X20Y25   disp_inst/clkdiv_inst/div_res_reg[2]/C
High Pulse Width  Fast    FDRE/C   n/a            0.350         5.000       4.650      SLICE_X20Y25   disp_inst/clkdiv_inst/div_res_reg[3]/C
High Pulse Width  Fast    FDRE/C   n/a            0.350         5.000       4.650      SLICE_X20Y26   disp_inst/clkdiv_inst/div_res_reg[4]/C
High Pulse Width  Fast    FDRE/C   n/a            0.350         5.000       4.650      SLICE_X20Y26   disp_inst/clkdiv_inst/div_res_reg[5]/C
High Pulse Width  Fast    FDRE/C   n/a            0.350         5.000       4.650      SLICE_X20Y26   disp_inst/clkdiv_inst/div_res_reg[6]/C



