Copyright 1986-2020 Xilinx, Inc. All Rights Reserved.
--------------------------------------------------------------------------------------------------------------------------------------------------------------------------------
| Tool Version : Vivado v.2020.2 (win64) Build 3064766 Wed Nov 18 09:12:45 MST 2020
| Date         : Thu Jun 18 13:19:41 2026
| Host         : Littlebanbrick running 64-bit major release  (build 9200)
| Command      : report_timing_summary -max_paths 10 -file Top_timing_summary_routed.rpt -pb Top_timing_summary_routed.pb -rpx Top_timing_summary_routed.rpx -warn_on_violation
| Design       : Top
| Device       : 7k160t-ffg676
| Speed File   : -2L  PRODUCTION 1.12 2017-02-17
--------------------------------------------------------------------------------------------------------------------------------------------------------------------------------

Timing Summary Report

------------------------------------------------------------------------------------------------
| Timer Settings
| --------------
------------------------------------------------------------------------------------------------

  Enable Multi Corner Analysis               :  Yes
  Enable Pessimism Removal                   :  Yes
  Pessimism Removal Resolution               :  Nearest Common Node
  Enable Input Delay Default Clock           :  No
  Enable Preset / Clear Arcs                 :  No
  Disable Flight Delays                      :  No
  Ignore I/O Paths                           :  No
  Timing Early Launch at Borrowing Latches   :  No
  Borrow Time for Max Delay Exceptions       :  Yes
  Merge Timing Exceptions                    :  Yes

  Corner  Analyze    Analyze    
  Name    Max Paths  Min Paths  
  ------  ---------  ---------  
  Slow    Yes        Yes        
  Fast    Yes        Yes        



check_timing report

Table of Contents
-----------------
1. checking no_clock (2)
2. checking constant_clock (0)
3. checking pulse_width_clock (0)
4. checking unconstrained_internal_endpoints (2)
5. checking no_input_delay (10)
6. checking no_output_delay (38)
7. checking multiple_clock (0)
8. checking generated_clocks (0)
9. checking loops (0)
10. checking partial_input_delay (0)
11. checking partial_output_delay (0)
12. checking latch_loops (0)

1. checking no_clock (2)
------------------------
 There are 2 register/latch pins with no clock driven by root clock pin: clk (HIGH)


2. checking constant_clock (0)
------------------------------
 There are 0 register/latch pins with constant_clock.


3. checking pulse_width_clock (0)
---------------------------------
 There are 0 register/latch pins which need pulse_width check


4. checking unconstrained_internal_endpoints (2)
------------------------------------------------
 There are 2 pins that are not constrained for maximum delay. (HIGH)

 There are 0 pins that are not constrained for maximum delay due to constant clock.


5. checking no_input_delay (10)
-------------------------------
 There are 6 input ports with no input delay specified. (HIGH)

 There are 4 input ports with no input delay but user has a false path constraint. (MEDIUM)


6. checking no_output_delay (38)
--------------------------------
 There are 38 ports with no output delay specified. (HIGH)

 There are 0 ports with no output delay but user has a false path constraint

 There are 0 ports with no output delay but with a timing clock defined on it or propagating through it


7. checking multiple_clock (0)
------------------------------
 There are 0 register/latch pins with multiple clocks.


8. checking generated_clocks (0)
--------------------------------
 There are 0 generated clocks that are not connected to a clock source.


9. checking loops (0)
---------------------
 There are 0 combinational loops in the design.


10. checking partial_input_delay (0)
------------------------------------
 There are 0 input ports with partial input delay specified.


11. checking partial_output_delay (0)
-------------------------------------
 There are 0 ports with partial output delay specified.


12. checking latch_loops (0)
----------------------------
 There are 0 combinational latch loops in the design through latch input



------------------------------------------------------------------------------------------------
| Design Timing Summary
| ---------------------
------------------------------------------------------------------------------------------------

    WNS(ns)      TNS(ns)  TNS Failing Endpoints  TNS Total Endpoints      WHS(ns)      THS(ns)  THS Failing Endpoints  THS Total Endpoints     WPWS(ns)     TPWS(ns)  TPWS Failing Endpoints  TPWS Total Endpoints  
    -------      -------  ---------------------  -------------------      -------      -------  ---------------------  -------------------     --------     --------  ----------------------  --------------------  
     29.213        0.000                      0                  926        0.097        0.000                      0                  926        3.000        0.000                       0                   554  


All user specified timing constraints are met.


------------------------------------------------------------------------------------------------
| Clock Summary
| -------------
------------------------------------------------------------------------------------------------

Clock                               Waveform(ns)       Period(ns)      Frequency(MHz)
-----                               ------------       ----------      --------------
u_clk_wiz/u_clk_wiz_0/inst/clk_in1  {0.000 5.000}      10.000          100.000         
  clk_out1_clk_wiz_0                {0.000 19.862}     39.724          25.174          
  clkfbout_clk_wiz_0                {0.000 10.000}     20.000          50.000          


------------------------------------------------------------------------------------------------
| Intra Clock Table
| -----------------
------------------------------------------------------------------------------------------------

Clock                                   WNS(ns)      TNS(ns)  TNS Failing Endpoints  TNS Total Endpoints      WHS(ns)      THS(ns)  THS Failing Endpoints  THS Total Endpoints     WPWS(ns)     TPWS(ns)  TPWS Failing Endpoints  TPWS Total Endpoints  
-----                                   -------      -------  ---------------------  -------------------      -------      -------  ---------------------  -------------------     --------     --------  ----------------------  --------------------  
u_clk_wiz/u_clk_wiz_0/inst/clk_in1                                                                                                                                                    3.000        0.000                       0                     1  
  clk_out1_clk_wiz_0                     29.213        0.000                      0                  926        0.097        0.000                      0                  926       19.462        0.000                       0                   550  
  clkfbout_clk_wiz_0                                                                                                                                                                 18.591        0.000                       0                     3  


------------------------------------------------------------------------------------------------
| Inter Clock Table
| -----------------
------------------------------------------------------------------------------------------------

From Clock    To Clock          WNS(ns)      TNS(ns)  TNS Failing Endpoints  TNS Total Endpoints      WHS(ns)      THS(ns)  THS Failing Endpoints  THS Total Endpoints  
----------    --------          -------      -------  ---------------------  -------------------      -------      -------  ---------------------  -------------------  


------------------------------------------------------------------------------------------------
| Other Path Groups Table
| -----------------------
------------------------------------------------------------------------------------------------

Path Group    From Clock    To Clock          WNS(ns)      TNS(ns)  TNS Failing Endpoints  TNS Total Endpoints      WHS(ns)      THS(ns)  THS Failing Endpoints  THS Total Endpoints  
----------    ----------    --------          -------      -------  ---------------------  -------------------      -------      -------  ---------------------  -------------------  


------------------------------------------------------------------------------------------------
| Timing Details
| --------------
------------------------------------------------------------------------------------------------


---------------------------------------------------------------------------------------------------
From Clock:  u_clk_wiz/u_clk_wiz_0/inst/clk_in1
  To Clock:  u_clk_wiz/u_clk_wiz_0/inst/clk_in1

Setup :           NA  Failing Endpoints,  Worst Slack           NA  ,  Total Violation           NA
Hold  :           NA  Failing Endpoints,  Worst Slack           NA  ,  Total Violation           NA
PW    :            0  Failing Endpoints,  Worst Slack        3.000ns,  Total Violation        0.000ns
---------------------------------------------------------------------------------------------------


Pulse Width Checks
--------------------------------------------------------------------------------------
Clock Name:         u_clk_wiz/u_clk_wiz_0/inst/clk_in1
Waveform(ns):       { 0.000 5.000 }
Period(ns):         10.000
Sources:            { u_clk_wiz/u_clk_wiz_0/inst/clk_in1 }

Check Type        Corner  Lib Pin            Reference Pin  Required(ns)  Actual(ns)  Slack(ns)  Location         Pin
Min Period        n/a     MMCME2_ADV/CLKIN1  n/a            1.071         10.000      8.929      MMCME2_ADV_X1Y0  u_clk_wiz/u_clk_wiz_0/inst/mmcm_adv_inst/CLKIN1
Max Period        n/a     MMCME2_ADV/CLKIN1  n/a            100.000       10.000      90.000     MMCME2_ADV_X1Y0  u_clk_wiz/u_clk_wiz_0/inst/mmcm_adv_inst/CLKIN1
Low Pulse Width   Slow    MMCME2_ADV/CLKIN1  n/a            2.000         5.000       3.000      MMCME2_ADV_X1Y0  u_clk_wiz/u_clk_wiz_0/inst/mmcm_adv_inst/CLKIN1
Low Pulse Width   Fast    MMCME2_ADV/CLKIN1  n/a            2.000         5.000       3.000      MMCME2_ADV_X1Y0  u_clk_wiz/u_clk_wiz_0/inst/mmcm_adv_inst/CLKIN1
High Pulse Width  Slow    MMCME2_ADV/CLKIN1  n/a            2.000         5.000       3.000      MMCME2_ADV_X1Y0  u_clk_wiz/u_clk_wiz_0/inst/mmcm_adv_inst/CLKIN1
High Pulse Width  Fast    MMCME2_ADV/CLKIN1  n/a            2.000         5.000       3.000      MMCME2_ADV_X1Y0  u_clk_wiz/u_clk_wiz_0/inst/mmcm_adv_inst/CLKIN1



---------------------------------------------------------------------------------------------------
From Clock:  clk_out1_clk_wiz_0
  To Clock:  clk_out1_clk_wiz_0

Setup :            0  Failing Endpoints,  Worst Slack       29.213ns,  Total Violation        0.000ns
Hold  :            0  Failing Endpoints,  Worst Slack        0.097ns,  Total Violation        0.000ns
PW    :            0  Failing Endpoints,  Worst Slack       19.462ns,  Total Violation        0.000ns
---------------------------------------------------------------------------------------------------


Max Delay Paths
--------------------------------------------------------------------------------------
Slack (MET) :             29.213ns  (required time - arrival time)
  Source:                 u_game_logic/auto_threshold_reg[4]/C
                            (rising edge-triggered cell FDPE clocked by clk_out1_clk_wiz_0  {rise@0.000ns fall@19.862ns period=39.724ns})
  Destination:            u_game_logic/auto_threshold_reg[1]/D
                            (rising edge-triggered cell FDPE clocked by clk_out1_clk_wiz_0  {rise@0.000ns fall@19.862ns period=39.724ns})
  Path Group:             clk_out1_clk_wiz_0
  Path Type:              Setup (Max at Slow Process Corner)
  Requirement:            39.724ns  (clk_out1_clk_wiz_0 rise@39.724ns - clk_out1_clk_wiz_0 rise@0.000ns)
  Data Path Delay:        10.445ns  (logic 1.982ns (18.975%)  route 8.463ns (81.025%))
  Logic Levels:           22  (CARRY4=3 LUT2=1 LUT3=3 LUT4=1 LUT5=4 LUT6=10)
  Clock Path Skew:        -0.043ns (DCD - SCD + CPR)
    Destination Clock Delay (DCD):    -2.055ns = ( 37.669 - 39.724 ) 
    Source Clock Delay      (SCD):    -2.711ns
    Clock Pessimism Removal (CPR):    -0.699ns
  Clock Uncertainty:      0.086ns  ((TSJ^2 + DJ^2)^1/2) / 2 + PE
    Total System Jitter     (TSJ):    0.071ns
    Discrete Jitter          (DJ):    0.157ns
    Phase Error              (PE):    0.000ns

    Location             Delay type                Incr(ns)  Path(ns)    Netlist Resource(s)
  -------------------------------------------------------------------    -------------------
                         (clock clk_out1_clk_wiz_0 rise edge)
                                                      0.000     0.000 r  
    AC18                 IBUF                         0.000     0.000 r  clk_IBUF_inst/O
                         net (fo=3, routed)           1.081     1.081    u_clk_wiz/u_clk_wiz_0/inst/clk_in1
    MMCME2_ADV_X1Y0      MMCME2_ADV (Prop_mmcme2_adv_CLKIN1_CLKOUT0)
                                                     -7.616    -6.535 r  u_clk_wiz/u_clk_wiz_0/inst/mmcm_adv_inst/CLKOUT0
                         net (fo=1, routed)           2.114    -4.421    u_clk_wiz/u_clk_wiz_0/inst/clk_out1_clk_wiz_0
    BUFGCTRL_X0Y0        BUFG (Prop_bufg_I_O)         0.093    -4.328 r  u_clk_wiz/u_clk_wiz_0/inst/clkout1_buf/O
                         net (fo=548, routed)         1.617    -2.711    u_game_logic/clk_out1
    SLICE_X20Y32         FDPE                                         r  u_game_logic/auto_threshold_reg[4]/C
  -------------------------------------------------------------------    -------------------
    SLICE_X20Y32         FDPE (Prop_fdpe_C_Q)         0.236    -2.475 r  u_game_logic/auto_threshold_reg[4]/Q
                         net (fo=4, routed)           0.555    -1.920    u_game_logic/auto_threshold_reg_n_0_[4]
    SLICE_X19Y31         LUT2 (Prop_lut2_I1_O)        0.123    -1.797 r  u_game_logic/auto_threshold[9]_i_9/O
                         net (fo=1, routed)           0.000    -1.797    u_game_logic/auto_threshold[9]_i_9_n_0
    SLICE_X19Y31         CARRY4 (Prop_carry4_S[1]_CO[3])
                                                      0.267    -1.530 r  u_game_logic/auto_threshold_reg[9]_i_5/CO[3]
                         net (fo=1, routed)           0.000    -1.530    u_game_logic/auto_threshold_reg[9]_i_5_n_0
    SLICE_X19Y32         CARRY4 (Prop_carry4_CI_CO[3])
                                                      0.053    -1.477 r  u_game_logic/auto_threshold_reg[13]_i_5/CO[3]
                         net (fo=1, routed)           0.000    -1.477    u_game_logic/auto_threshold_reg[13]_i_5_n_0
    SLICE_X19Y33         CARRY4 (Prop_carry4_CI_O[3])
                                                      0.149    -1.328 r  u_game_logic/auto_threshold_reg[18]_i_7/O[3]
                         net (fo=10, routed)          0.636    -0.692    u_game_logic/auto_threshold1[17]
    SLICE_X18Y36         LUT6 (Prop_lut6_I5_O)        0.120    -0.572 r  u_game_logic/auto_threshold[17]_i_2/O
                         net (fo=7, routed)           0.605     0.033    u_game_logic/auto_threshold0[17]
    SLICE_X22Y35         LUT5 (Prop_lut5_I0_O)        0.043     0.076 r  u_game_logic/auto_threshold[15]_i_3/O
                         net (fo=1, routed)           0.363     0.440    u_game_logic/auto_threshold[15]_i_3_n_0
    SLICE_X22Y35         LUT6 (Prop_lut6_I0_O)        0.043     0.483 r  u_game_logic/auto_threshold[15]_i_2/O
                         net (fo=7, routed)           0.388     0.871    u_game_logic/auto_threshold0[15]
    SLICE_X24Y35         LUT3 (Prop_lut3_I1_O)        0.049     0.920 r  u_game_logic/auto_threshold[13]_i_4/O
                         net (fo=2, routed)           0.462     1.382    u_game_logic/auto_threshold[13]_i_4_n_0
    SLICE_X24Y35         LUT6 (Prop_lut6_I1_O)        0.136     1.518 r  u_game_logic/auto_threshold[13]_i_2/O
                         net (fo=7, routed)           0.353     1.871    u_game_logic/auto_threshold0[13]
    SLICE_X24Y33         LUT5 (Prop_lut5_I0_O)        0.043     1.914 r  u_game_logic/auto_threshold[11]_i_3/O
                         net (fo=1, routed)           0.349     2.263    u_game_logic/auto_threshold[11]_i_3_n_0
    SLICE_X24Y33         LUT6 (Prop_lut6_I0_O)        0.043     2.306 r  u_game_logic/auto_threshold[11]_i_2/O
                         net (fo=7, routed)           0.590     2.896    u_game_logic/auto_threshold0[11]
    SLICE_X23Y33         LUT3 (Prop_lut3_I1_O)        0.049     2.945 r  u_game_logic/auto_threshold[9]_i_4/O
                         net (fo=2, routed)           0.467     3.412    u_game_logic/auto_threshold[9]_i_4_n_0
    SLICE_X23Y33         LUT6 (Prop_lut6_I1_O)        0.136     3.548 r  u_game_logic/auto_threshold[9]_i_2/O
                         net (fo=7, routed)           0.206     3.754    u_game_logic/auto_threshold0[9]
    SLICE_X23Y32         LUT6 (Prop_lut6_I2_O)        0.043     3.797 r  u_game_logic/auto_threshold[8]_i_2/O
                         net (fo=7, routed)           0.399     4.195    u_game_logic/auto_threshold0[8]
    SLICE_X22Y32         LUT3 (Prop_lut3_I1_O)        0.053     4.248 r  u_game_logic/auto_threshold[6]_i_4/O
                         net (fo=2, routed)           0.472     4.721    u_game_logic/auto_threshold[6]_i_4_n_0
    SLICE_X22Y32         LUT6 (Prop_lut6_I1_O)        0.138     4.859 r  u_game_logic/auto_threshold[6]_i_2/O
                         net (fo=7, routed)           0.451     5.310    u_game_logic/auto_threshold0[6]
    SLICE_X20Y30         LUT5 (Prop_lut5_I0_O)        0.043     5.353 r  u_game_logic/auto_threshold[4]_i_3/O
                         net (fo=1, routed)           0.372     5.725    u_game_logic/auto_threshold[4]_i_3_n_0
    SLICE_X20Y30         LUT6 (Prop_lut6_I0_O)        0.043     5.768 r  u_game_logic/auto_threshold[4]_i_2/O
                         net (fo=7, routed)           0.466     6.234    u_game_logic/auto_threshold0[4]
    SLICE_X20Y31         LUT5 (Prop_lut5_I0_O)        0.043     6.277 r  u_game_logic/auto_threshold[2]_i_3/O
                         net (fo=1, routed)           0.363     6.640    u_game_logic/auto_threshold[2]_i_3_n_0
    SLICE_X20Y31         LUT6 (Prop_lut6_I0_O)        0.043     6.683 r  u_game_logic/auto_threshold[2]_i_2/O
                         net (fo=5, routed)           0.543     7.226    u_game_logic/auto_threshold0[2]
    SLICE_X21Y32         LUT6 (Prop_lut6_I2_O)        0.043     7.269 r  u_game_logic/auto_threshold[1]_i_2/O
                         net (fo=2, routed)           0.422     7.691    u_game_logic/auto_threshold0[1]
    SLICE_X18Y32         LUT4 (Prop_lut4_I3_O)        0.043     7.734 r  u_game_logic/auto_threshold[1]_i_1/O
                         net (fo=1, routed)           0.000     7.734    u_game_logic/auto_threshold[1]_i_1_n_0
    SLICE_X18Y32         FDPE                                         r  u_game_logic/auto_threshold_reg[1]/D
  -------------------------------------------------------------------    -------------------

                         (clock clk_out1_clk_wiz_0 rise edge)
                                                     39.724    39.724 r  
    AC18                 IBUF                         0.000    39.724 r  clk_IBUF_inst/O
                         net (fo=3, routed)           0.986    40.710    u_clk_wiz/u_clk_wiz_0/inst/clk_in1
    MMCME2_ADV_X1Y0      MMCME2_ADV (Prop_mmcme2_adv_CLKIN1_CLKOUT0)
                                                     -6.599    34.111 r  u_clk_wiz/u_clk_wiz_0/inst/mmcm_adv_inst/CLKOUT0
                         net (fo=1, routed)           1.991    36.102    u_clk_wiz/u_clk_wiz_0/inst/clk_out1_clk_wiz_0
    BUFGCTRL_X0Y0        BUFG (Prop_bufg_I_O)         0.083    36.185 r  u_clk_wiz/u_clk_wiz_0/inst/clkout1_buf/O
                         net (fo=548, routed)         1.484    37.669    u_game_logic/clk_out1
    SLICE_X18Y32         FDPE                                         r  u_game_logic/auto_threshold_reg[1]/C
                         clock pessimism             -0.699    36.970    
                         clock uncertainty           -0.086    36.883    
    SLICE_X18Y32         FDPE (Setup_fdpe_C_D)        0.064    36.947    u_game_logic/auto_threshold_reg[1]
  -------------------------------------------------------------------
                         required time                         36.947    
                         arrival time                          -7.734    
  -------------------------------------------------------------------
                         slack                                 29.213    

Slack (MET) :             29.330ns  (required time - arrival time)
  Source:                 u_game_logic/auto_threshold_reg[4]/C
                            (rising edge-triggered cell FDPE clocked by clk_out1_clk_wiz_0  {rise@0.000ns fall@19.862ns period=39.724ns})
  Destination:            u_game_logic/auto_threshold_reg[0]/D
                            (rising edge-triggered cell FDPE clocked by clk_out1_clk_wiz_0  {rise@0.000ns fall@19.862ns period=39.724ns})
  Path Group:             clk_out1_clk_wiz_0
  Path Type:              Setup (Max at Slow Process Corner)
  Requirement:            39.724ns  (clk_out1_clk_wiz_0 rise@39.724ns - clk_out1_clk_wiz_0 rise@0.000ns)
  Data Path Delay:        10.319ns  (logic 1.982ns (19.207%)  route 8.337ns (80.793%))
  Logic Levels:           22  (CARRY4=3 LUT2=1 LUT3=3 LUT5=4 LUT6=11)
  Clock Path Skew:        -0.022ns (DCD - SCD + CPR)
    Destination Clock Delay (DCD):    -2.055ns = ( 37.669 - 39.724 ) 
    Source Clock Delay      (SCD):    -2.711ns
    Clock Pessimism Removal (CPR):    -0.678ns
  Clock Uncertainty:      0.086ns  ((TSJ^2 + DJ^2)^1/2) / 2 + PE
    Total System Jitter     (TSJ):    0.071ns
    Discrete Jitter          (DJ):    0.157ns
    Phase Error              (PE):    0.000ns

    Location             Delay type                Incr(ns)  Path(ns)    Netlist Resource(s)
  -------------------------------------------------------------------    -------------------
                         (clock clk_out1_clk_wiz_0 rise edge)
                                                      0.000     0.000 r  
    AC18                 IBUF                         0.000     0.000 r  clk_IBUF_inst/O
                         net (fo=3, routed)           1.081     1.081    u_clk_wiz/u_clk_wiz_0/inst/clk_in1
    MMCME2_ADV_X1Y0      MMCME2_ADV (Prop_mmcme2_adv_CLKIN1_CLKOUT0)
                                                     -7.616    -6.535 r  u_clk_wiz/u_clk_wiz_0/inst/mmcm_adv_inst/CLKOUT0
                         net (fo=1, routed)           2.114    -4.421    u_clk_wiz/u_clk_wiz_0/inst/clk_out1_clk_wiz_0
    BUFGCTRL_X0Y0        BUFG (Prop_bufg_I_O)         0.093    -4.328 r  u_clk_wiz/u_clk_wiz_0/inst/clkout1_buf/O
                         net (fo=548, routed)         1.617    -2.711    u_game_logic/clk_out1
    SLICE_X20Y32         FDPE                                         r  u_game_logic/auto_threshold_reg[4]/C
  -------------------------------------------------------------------    -------------------
    SLICE_X20Y32         FDPE (Prop_fdpe_C_Q)         0.236    -2.475 r  u_game_logic/auto_threshold_reg[4]/Q
                         net (fo=4, routed)           0.555    -1.920    u_game_logic/auto_threshold_reg_n_0_[4]
    SLICE_X19Y31         LUT2 (Prop_lut2_I1_O)        0.123    -1.797 r  u_game_logic/auto_threshold[9]_i_9/O
                         net (fo=1, routed)           0.000    -1.797    u_game_logic/auto_threshold[9]_i_9_n_0
    SLICE_X19Y31         CARRY4 (Prop_carry4_S[1]_CO[3])
                                                      0.267    -1.530 r  u_game_logic/auto_threshold_reg[9]_i_5/CO[3]
                         net (fo=1, routed)           0.000    -1.530    u_game_logic/auto_threshold_reg[9]_i_5_n_0
    SLICE_X19Y32         CARRY4 (Prop_carry4_CI_CO[3])
                                                      0.053    -1.477 r  u_game_logic/auto_threshold_reg[13]_i_5/CO[3]
                         net (fo=1, routed)           0.000    -1.477    u_game_logic/auto_threshold_reg[13]_i_5_n_0
    SLICE_X19Y33         CARRY4 (Prop_carry4_CI_O[3])
                                                      0.149    -1.328 r  u_game_logic/auto_threshold_reg[18]_i_7/O[3]
                         net (fo=10, routed)          0.636    -0.692    u_game_logic/auto_threshold1[17]
    SLICE_X18Y36         LUT6 (Prop_lut6_I5_O)        0.120    -0.572 r  u_game_logic/auto_threshold[17]_i_2/O
                         net (fo=7, routed)           0.605     0.033    u_game_logic/auto_threshold0[17]
    SLICE_X22Y35         LUT5 (Prop_lut5_I0_O)        0.043     0.076 r  u_game_logic/auto_threshold[15]_i_3/O
                         net (fo=1, routed)           0.363     0.440    u_game_logic/auto_threshold[15]_i_3_n_0
    SLICE_X22Y35         LUT6 (Prop_lut6_I0_O)        0.043     0.483 r  u_game_logic/auto_threshold[15]_i_2/O
                         net (fo=7, routed)           0.388     0.871    u_game_logic/auto_threshold0[15]
    SLICE_X24Y35         LUT3 (Prop_lut3_I1_O)        0.049     0.920 r  u_game_logic/auto_threshold[13]_i_4/O
                         net (fo=2, routed)           0.462     1.382    u_game_logic/auto_threshold[13]_i_4_n_0
    SLICE_X24Y35         LUT6 (Prop_lut6_I1_O)        0.136     1.518 r  u_game_logic/auto_threshold[13]_i_2/O
                         net (fo=7, routed)           0.353     1.871    u_game_logic/auto_threshold0[13]
    SLICE_X24Y33         LUT5 (Prop_lut5_I0_O)        0.043     1.914 r  u_game_logic/auto_threshold[11]_i_3/O
                         net (fo=1, routed)           0.349     2.263    u_game_logic/auto_threshold[11]_i_3_n_0
    SLICE_X24Y33         LUT6 (Prop_lut6_I0_O)        0.043     2.306 r  u_game_logic/auto_threshold[11]_i_2/O
                         net (fo=7, routed)           0.590     2.896    u_game_logic/auto_threshold0[11]
    SLICE_X23Y33         LUT3 (Prop_lut3_I1_O)        0.049     2.945 r  u_game_logic/auto_threshold[9]_i_4/O
                         net (fo=2, routed)           0.467     3.412    u_game_logic/auto_threshold[9]_i_4_n_0
    SLICE_X23Y33         LUT6 (Prop_lut6_I1_O)        0.136     3.548 r  u_game_logic/auto_threshold[9]_i_2/O
                         net (fo=7, routed)           0.206     3.754    u_game_logic/auto_threshold0[9]
    SLICE_X23Y32         LUT6 (Prop_lut6_I2_O)        0.043     3.797 r  u_game_logic/auto_threshold[8]_i_2/O
                         net (fo=7, routed)           0.399     4.195    u_game_logic/auto_threshold0[8]
    SLICE_X22Y32         LUT3 (Prop_lut3_I1_O)        0.053     4.248 r  u_game_logic/auto_threshold[6]_i_4/O
                         net (fo=2, routed)           0.472     4.721    u_game_logic/auto_threshold[6]_i_4_n_0
    SLICE_X22Y32         LUT6 (Prop_lut6_I1_O)        0.138     4.859 r  u_game_logic/auto_threshold[6]_i_2/O
                         net (fo=7, routed)           0.451     5.310    u_game_logic/auto_threshold0[6]
    SLICE_X20Y30         LUT5 (Prop_lut5_I0_O)        0.043     5.353 r  u_game_logic/auto_threshold[4]_i_3/O
                         net (fo=1, routed)           0.372     5.725    u_game_logic/auto_threshold[4]_i_3_n_0
    SLICE_X20Y30         LUT6 (Prop_lut6_I0_O)        0.043     5.768 r  u_game_logic/auto_threshold[4]_i_2/O
                         net (fo=7, routed)           0.466     6.234    u_game_logic/auto_threshold0[4]
    SLICE_X20Y31         LUT5 (Prop_lut5_I0_O)        0.043     6.277 r  u_game_logic/auto_threshold[2]_i_3/O
                         net (fo=1, routed)           0.363     6.640    u_game_logic/auto_threshold[2]_i_3_n_0
    SLICE_X20Y31         LUT6 (Prop_lut6_I0_O)        0.043     6.683 r  u_game_logic/auto_threshold[2]_i_2/O
                         net (fo=5, routed)           0.409     7.092    u_game_logic/auto_threshold0[2]
    SLICE_X21Y32         LUT6 (Prop_lut6_I3_O)        0.043     7.135 r  u_game_logic/auto_threshold[0]_i_2/O
                         net (fo=1, routed)           0.430     7.565    u_game_logic/auto_threshold[0]_i_2_n_0
    SLICE_X21Y33         LUT6 (Prop_lut6_I0_O)        0.043     7.608 r  u_game_logic/auto_threshold[0]_i_1/O
                         net (fo=1, routed)           0.000     7.608    u_game_logic/auto_threshold[0]_i_1_n_0
    SLICE_X21Y33         FDPE                                         r  u_game_logic/auto_threshold_reg[0]/D
  -------------------------------------------------------------------    -------------------

                         (clock clk_out1_clk_wiz_0 rise edge)
                                                     39.724    39.724 r  
    AC18                 IBUF                         0.000    39.724 r  clk_IBUF_inst/O
                         net (fo=3, routed)           0.986    40.710    u_clk_wiz/u_clk_wiz_0/inst/clk_in1
    MMCME2_ADV_X1Y0      MMCME2_ADV (Prop_mmcme2_adv_CLKIN1_CLKOUT0)
                                                     -6.599    34.111 r  u_clk_wiz/u_clk_wiz_0/inst/mmcm_adv_inst/CLKOUT0
                         net (fo=1, routed)           1.991    36.102    u_clk_wiz/u_clk_wiz_0/inst/clk_out1_clk_wiz_0
    BUFGCTRL_X0Y0        BUFG (Prop_bufg_I_O)         0.083    36.185 r  u_clk_wiz/u_clk_wiz_0/inst/clkout1_buf/O
                         net (fo=548, routed)         1.484    37.669    u_game_logic/clk_out1
    SLICE_X21Y33         FDPE                                         r  u_game_logic/auto_threshold_reg[0]/C
                         clock pessimism             -0.678    36.991    
                         clock uncertainty           -0.086    36.904    
    SLICE_X21Y33         FDPE (Setup_fdpe_C_D)        0.034    36.938    u_game_logic/auto_threshold_reg[0]
  -------------------------------------------------------------------
                         required time                         36.938    
                         arrival time                          -7.608    
  -------------------------------------------------------------------
                         slack                                 29.330    

Slack (MET) :             29.895ns  (required time - arrival time)
  Source:                 u_game_logic/auto_threshold_reg[4]/C
                            (rising edge-triggered cell FDPE clocked by clk_out1_clk_wiz_0  {rise@0.000ns fall@19.862ns period=39.724ns})
  Destination:            u_game_logic/auto_threshold_reg[2]/D
                            (rising edge-triggered cell FDPE clocked by clk_out1_clk_wiz_0  {rise@0.000ns fall@19.862ns period=39.724ns})
  Path Group:             clk_out1_clk_wiz_0
  Path Type:              Setup (Max at Slow Process Corner)
  Requirement:            39.724ns  (clk_out1_clk_wiz_0 rise@39.724ns - clk_out1_clk_wiz_0 rise@0.000ns)
  Data Path Delay:        9.786ns  (logic 1.943ns (19.855%)  route 7.843ns (80.145%))
  Logic Levels:           21  (CARRY4=3 LUT2=1 LUT3=3 LUT4=1 LUT5=4 LUT6=9)
  Clock Path Skew:        -0.043ns (DCD - SCD + CPR)
    Destination Clock Delay (DCD):    -2.055ns = ( 37.669 - 39.724 ) 
    Source Clock Delay      (SCD):    -2.711ns
    Clock Pessimism Removal (CPR):    -0.699ns
  Clock Uncertainty:      0.086ns  ((TSJ^2 + DJ^2)^1/2) / 2 + PE
    Total System Jitter     (TSJ):    0.071ns
    Discrete Jitter          (DJ):    0.157ns
    Phase Error              (PE):    0.000ns

    Location             Delay type                Incr(ns)  Path(ns)    Netlist Resource(s)
  -------------------------------------------------------------------    -------------------
                         (clock clk_out1_clk_wiz_0 rise edge)
                                                      0.000     0.000 r  
    AC18                 IBUF                         0.000     0.000 r  clk_IBUF_inst/O
                         net (fo=3, routed)           1.081     1.081    u_clk_wiz/u_clk_wiz_0/inst/clk_in1
    MMCME2_ADV_X1Y0      MMCME2_ADV (Prop_mmcme2_adv_CLKIN1_CLKOUT0)
                                                     -7.616    -6.535 r  u_clk_wiz/u_clk_wiz_0/inst/mmcm_adv_inst/CLKOUT0
                         net (fo=1, routed)           2.114    -4.421    u_clk_wiz/u_clk_wiz_0/inst/clk_out1_clk_wiz_0
    BUFGCTRL_X0Y0        BUFG (Prop_bufg_I_O)         0.093    -4.328 r  u_clk_wiz/u_clk_wiz_0/inst/clkout1_buf/O
                         net (fo=548, routed)         1.617    -2.711    u_game_logic/clk_out1
    SLICE_X20Y32         FDPE                                         r  u_game_logic/auto_threshold_reg[4]/C
  -------------------------------------------------------------------    -------------------
    SLICE_X20Y32         FDPE (Prop_fdpe_C_Q)         0.236    -2.475 r  u_game_logic/auto_threshold_reg[4]/Q
                         net (fo=4, routed)           0.555    -1.920    u_game_logic/auto_threshold_reg_n_0_[4]
    SLICE_X19Y31         LUT2 (Prop_lut2_I1_O)        0.123    -1.797 r  u_game_logic/auto_threshold[9]_i_9/O
                         net (fo=1, routed)           0.000    -1.797    u_game_logic/auto_threshold[9]_i_9_n_0
    SLICE_X19Y31         CARRY4 (Prop_carry4_S[1]_CO[3])
                                                      0.267    -1.530 r  u_game_logic/auto_threshold_reg[9]_i_5/CO[3]
                         net (fo=1, routed)           0.000    -1.530    u_game_logic/auto_threshold_reg[9]_i_5_n_0
    SLICE_X19Y32         CARRY4 (Prop_carry4_CI_CO[3])
                                                      0.053    -1.477 r  u_game_logic/auto_threshold_reg[13]_i_5/CO[3]
                         net (fo=1, routed)           0.000    -1.477    u_game_logic/auto_threshold_reg[13]_i_5_n_0
    SLICE_X19Y33         CARRY4 (Prop_carry4_CI_O[3])
                                                      0.149    -1.328 r  u_game_logic/auto_threshold_reg[18]_i_7/O[3]
                         net (fo=10, routed)          0.636    -0.692    u_game_logic/auto_threshold1[17]
    SLICE_X18Y36         LUT6 (Prop_lut6_I5_O)        0.120    -0.572 r  u_game_logic/auto_threshold[17]_i_2/O
                         net (fo=7, routed)           0.605     0.033    u_game_logic/auto_threshold0[17]
    SLICE_X22Y35         LUT5 (Prop_lut5_I0_O)        0.043     0.076 r  u_game_logic/auto_threshold[15]_i_3/O
                         net (fo=1, routed)           0.363     0.440    u_game_logic/auto_threshold[15]_i_3_n_0
    SLICE_X22Y35         LUT6 (Prop_lut6_I0_O)        0.043     0.483 r  u_game_logic/auto_threshold[15]_i_2/O
                         net (fo=7, routed)           0.388     0.871    u_game_logic/auto_threshold0[15]
    SLICE_X24Y35         LUT3 (Prop_lut3_I1_O)        0.049     0.920 r  u_game_logic/auto_threshold[13]_i_4/O
                         net (fo=2, routed)           0.462     1.382    u_game_logic/auto_threshold[13]_i_4_n_0
    SLICE_X24Y35         LUT6 (Prop_lut6_I1_O)        0.136     1.518 r  u_game_logic/auto_threshold[13]_i_2/O
                         net (fo=7, routed)           0.353     1.871    u_game_logic/auto_threshold0[13]
    SLICE_X24Y33         LUT5 (Prop_lut5_I0_O)        0.043     1.914 r  u_game_logic/auto_threshold[11]_i_3/O
                         net (fo=1, routed)           0.349     2.263    u_game_logic/auto_threshold[11]_i_3_n_0
    SLICE_X24Y33         LUT6 (Prop_lut6_I0_O)        0.043     2.306 r  u_game_logic/auto_threshold[11]_i_2/O
                         net (fo=7, routed)           0.590     2.896    u_game_logic/auto_threshold0[11]
    SLICE_X23Y33         LUT3 (Prop_lut3_I1_O)        0.049     2.945 r  u_game_logic/auto_threshold[9]_i_4/O
                         net (fo=2, routed)           0.467     3.412    u_game_logic/auto_threshold[9]_i_4_n_0
    SLICE_X23Y33         LUT6 (Prop_lut6_I1_O)        0.136     3.548 r  u_game_logic/auto_threshold[9]_i_2/O
                         net (fo=7, routed)           0.206     3.754    u_game_logic/auto_threshold0[9]
    SLICE_X23Y32         LUT6 (Prop_lut6_I2_O)        0.043     3.797 r  u_game_logic/auto_threshold[8]_i_2/O
                         net (fo=7, routed)           0.399     4.195    u_game_logic/auto_threshold0[8]
    SLICE_X22Y32         LUT3 (Prop_lut3_I1_O)        0.053     4.248 r  u_game_logic/auto_threshold[6]_i_4/O
                         net (fo=2, routed)           0.472     4.721    u_game_logic/auto_threshold[6]_i_4_n_0
    SLICE_X22Y32         LUT6 (Prop_lut6_I1_O)        0.138     4.859 r  u_game_logic/auto_threshold[6]_i_2/O
                         net (fo=7, routed)           0.451     5.310    u_game_logic/auto_threshold0[6]
    SLICE_X20Y30         LUT5 (Prop_lut5_I0_O)        0.043     5.353 r  u_game_logic/auto_threshold[4]_i_3/O
                         net (fo=1, routed)           0.372     5.725    u_game_logic/auto_threshold[4]_i_3_n_0
    SLICE_X20Y30         LUT6 (Prop_lut6_I0_O)        0.043     5.768 r  u_game_logic/auto_threshold[4]_i_2/O
                         net (fo=7, routed)           0.466     6.234    u_game_logic/auto_threshold0[4]
    SLICE_X20Y31         LUT5 (Prop_lut5_I0_O)        0.043     6.277 r  u_game_logic/auto_threshold[2]_i_3/O
                         net (fo=1, routed)           0.363     6.640    u_game_logic/auto_threshold[2]_i_3_n_0
    SLICE_X20Y31         LUT6 (Prop_lut6_I0_O)        0.043     6.683 r  u_game_logic/auto_threshold[2]_i_2/O
                         net (fo=5, routed)           0.345     7.028    u_game_logic/auto_threshold0[2]
    SLICE_X18Y32         LUT4 (Prop_lut4_I3_O)        0.047     7.075 r  u_game_logic/auto_threshold[2]_i_1/O
                         net (fo=1, routed)           0.000     7.075    u_game_logic/auto_threshold[2]_i_1_n_0
    SLICE_X18Y32         FDPE                                         r  u_game_logic/auto_threshold_reg[2]/D
  -------------------------------------------------------------------    -------------------

                         (clock clk_out1_clk_wiz_0 rise edge)
                                                     39.724    39.724 r  
    AC18                 IBUF                         0.000    39.724 r  clk_IBUF_inst/O
                         net (fo=3, routed)           0.986    40.710    u_clk_wiz/u_clk_wiz_0/inst/clk_in1
    MMCME2_ADV_X1Y0      MMCME2_ADV (Prop_mmcme2_adv_CLKIN1_CLKOUT0)
                                                     -6.599    34.111 r  u_clk_wiz/u_clk_wiz_0/inst/mmcm_adv_inst/CLKOUT0
                         net (fo=1, routed)           1.991    36.102    u_clk_wiz/u_clk_wiz_0/inst/clk_out1_clk_wiz_0
    BUFGCTRL_X0Y0        BUFG (Prop_bufg_I_O)         0.083    36.185 r  u_clk_wiz/u_clk_wiz_0/inst/clkout1_buf/O
                         net (fo=548, routed)         1.484    37.669    u_game_logic/clk_out1
    SLICE_X18Y32         FDPE                                         r  u_game_logic/auto_threshold_reg[2]/C
                         clock pessimism             -0.699    36.970    
                         clock uncertainty           -0.086    36.883    
    SLICE_X18Y32         FDPE (Setup_fdpe_C_D)        0.086    36.969    u_game_logic/auto_threshold_reg[2]
  -------------------------------------------------------------------
                         required time                         36.969    
                         arrival time                          -7.075    
  -------------------------------------------------------------------
                         slack                                 29.895    

Slack (MET) :             30.482ns  (required time - arrival time)
  Source:                 u_game_logic/auto_threshold_reg[4]/C
                            (rising edge-triggered cell FDPE clocked by clk_out1_clk_wiz_0  {rise@0.000ns fall@19.862ns period=39.724ns})
  Destination:            u_game_logic/auto_threshold_reg[3]/D
                            (rising edge-triggered cell FDPE clocked by clk_out1_clk_wiz_0  {rise@0.000ns fall@19.862ns period=39.724ns})
  Path Group:             clk_out1_clk_wiz_0
  Path Type:              Setup (Max at Slow Process Corner)
  Requirement:            39.724ns  (clk_out1_clk_wiz_0 rise@39.724ns - clk_out1_clk_wiz_0 rise@0.000ns)
  Data Path Delay:        9.219ns  (logic 1.896ns (20.565%)  route 7.323ns (79.435%))
  Logic Levels:           20  (CARRY4=3 LUT2=1 LUT3=3 LUT4=1 LUT5=3 LUT6=9)
  Clock Path Skew:        0.000ns (DCD - SCD + CPR)
    Destination Clock Delay (DCD):    -2.056ns = ( 37.668 - 39.724 ) 
    Source Clock Delay      (SCD):    -2.711ns
    Clock Pessimism Removal (CPR):    -0.655ns
  Clock Uncertainty:      0.086ns  ((TSJ^2 + DJ^2)^1/2) / 2 + PE
    Total System Jitter     (TSJ):    0.071ns
    Discrete Jitter          (DJ):    0.157ns
    Phase Error              (PE):    0.000ns

    Location             Delay type                Incr(ns)  Path(ns)    Netlist Resource(s)
  -------------------------------------------------------------------    -------------------
                         (clock clk_out1_clk_wiz_0 rise edge)
                                                      0.000     0.000 r  
    AC18                 IBUF                         0.000     0.000 r  clk_IBUF_inst/O
                         net (fo=3, routed)           1.081     1.081    u_clk_wiz/u_clk_wiz_0/inst/clk_in1
    MMCME2_ADV_X1Y0      MMCME2_ADV (Prop_mmcme2_adv_CLKIN1_CLKOUT0)
                                                     -7.616    -6.535 r  u_clk_wiz/u_clk_wiz_0/inst/mmcm_adv_inst/CLKOUT0
                         net (fo=1, routed)           2.114    -4.421    u_clk_wiz/u_clk_wiz_0/inst/clk_out1_clk_wiz_0
    BUFGCTRL_X0Y0        BUFG (Prop_bufg_I_O)         0.093    -4.328 r  u_clk_wiz/u_clk_wiz_0/inst/clkout1_buf/O
                         net (fo=548, routed)         1.617    -2.711    u_game_logic/clk_out1
    SLICE_X20Y32         FDPE                                         r  u_game_logic/auto_threshold_reg[4]/C
  -------------------------------------------------------------------    -------------------
    SLICE_X20Y32         FDPE (Prop_fdpe_C_Q)         0.236    -2.475 r  u_game_logic/auto_threshold_reg[4]/Q
                         net (fo=4, routed)           0.555    -1.920    u_game_logic/auto_threshold_reg_n_0_[4]
    SLICE_X19Y31         LUT2 (Prop_lut2_I1_O)        0.123    -1.797 r  u_game_logic/auto_threshold[9]_i_9/O
                         net (fo=1, routed)           0.000    -1.797    u_game_logic/auto_threshold[9]_i_9_n_0
    SLICE_X19Y31         CARRY4 (Prop_carry4_S[1]_CO[3])
                                                      0.267    -1.530 r  u_game_logic/auto_threshold_reg[9]_i_5/CO[3]
                         net (fo=1, routed)           0.000    -1.530    u_game_logic/auto_threshold_reg[9]_i_5_n_0
    SLICE_X19Y32         CARRY4 (Prop_carry4_CI_CO[3])
                                                      0.053    -1.477 r  u_game_logic/auto_threshold_reg[13]_i_5/CO[3]
                         net (fo=1, routed)           0.000    -1.477    u_game_logic/auto_threshold_reg[13]_i_5_n_0
    SLICE_X19Y33         CARRY4 (Prop_carry4_CI_O[3])
                                                      0.149    -1.328 r  u_game_logic/auto_threshold_reg[18]_i_7/O[3]
                         net (fo=10, routed)          0.636    -0.692    u_game_logic/auto_threshold1[17]
    SLICE_X18Y36         LUT6 (Prop_lut6_I5_O)        0.120    -0.572 r  u_game_logic/auto_threshold[17]_i_2/O
                         net (fo=7, routed)           0.605     0.033    u_game_logic/auto_threshold0[17]
    SLICE_X22Y35         LUT5 (Prop_lut5_I0_O)        0.043     0.076 r  u_game_logic/auto_threshold[15]_i_3/O
                         net (fo=1, routed)           0.363     0.440    u_game_logic/auto_threshold[15]_i_3_n_0
    SLICE_X22Y35         LUT6 (Prop_lut6_I0_O)        0.043     0.483 r  u_game_logic/auto_threshold[15]_i_2/O
                         net (fo=7, routed)           0.388     0.871    u_game_logic/auto_threshold0[15]
    SLICE_X24Y35         LUT3 (Prop_lut3_I1_O)        0.049     0.920 r  u_game_logic/auto_threshold[13]_i_4/O
                         net (fo=2, routed)           0.462     1.382    u_game_logic/auto_threshold[13]_i_4_n_0
    SLICE_X24Y35         LUT6 (Prop_lut6_I1_O)        0.136     1.518 r  u_game_logic/auto_threshold[13]_i_2/O
                         net (fo=7, routed)           0.353     1.871    u_game_logic/auto_threshold0[13]
    SLICE_X24Y33         LUT5 (Prop_lut5_I0_O)        0.043     1.914 r  u_game_logic/auto_threshold[11]_i_3/O
                         net (fo=1, routed)           0.349     2.263    u_game_logic/auto_threshold[11]_i_3_n_0
    SLICE_X24Y33         LUT6 (Prop_lut6_I0_O)        0.043     2.306 r  u_game_logic/auto_threshold[11]_i_2/O
                         net (fo=7, routed)           0.590     2.896    u_game_logic/auto_threshold0[11]
    SLICE_X23Y33         LUT3 (Prop_lut3_I1_O)        0.049     2.945 r  u_game_logic/auto_threshold[9]_i_4/O
                         net (fo=2, routed)           0.467     3.412    u_game_logic/auto_threshold[9]_i_4_n_0
    SLICE_X23Y33         LUT6 (Prop_lut6_I1_O)        0.136     3.548 r  u_game_logic/auto_threshold[9]_i_2/O
                         net (fo=7, routed)           0.206     3.754    u_game_logic/auto_threshold0[9]
    SLICE_X23Y32         LUT6 (Prop_lut6_I2_O)        0.043     3.797 r  u_game_logic/auto_threshold[8]_i_2/O
                         net (fo=7, routed)           0.399     4.195    u_game_logic/auto_threshold0[8]
    SLICE_X22Y32         LUT3 (Prop_lut3_I1_O)        0.053     4.248 r  u_game_logic/auto_threshold[6]_i_4/O
                         net (fo=2, routed)           0.472     4.721    u_game_logic/auto_threshold[6]_i_4_n_0
    SLICE_X22Y32         LUT6 (Prop_lut6_I1_O)        0.138     4.859 r  u_game_logic/auto_threshold[6]_i_2/O
                         net (fo=7, routed)           0.451     5.310    u_game_logic/auto_threshold0[6]
    SLICE_X20Y30         LUT5 (Prop_lut5_I0_O)        0.043     5.353 r  u_game_logic/auto_threshold[4]_i_3/O
                         net (fo=1, routed)           0.372     5.725    u_game_logic/auto_threshold[4]_i_3_n_0
    SLICE_X20Y30         LUT6 (Prop_lut6_I0_O)        0.043     5.768 r  u_game_logic/auto_threshold[4]_i_2/O
                         net (fo=7, routed)           0.365     6.133    u_game_logic/auto_threshold0[4]
    SLICE_X21Y31         LUT6 (Prop_lut6_I2_O)        0.043     6.176 r  u_game_logic/auto_threshold[3]_i_2/O
                         net (fo=6, routed)           0.289     6.465    u_game_logic/auto_threshold0[3]
    SLICE_X20Y32         LUT4 (Prop_lut4_I3_O)        0.043     6.508 r  u_game_logic/auto_threshold[3]_i_1/O
                         net (fo=1, routed)           0.000     6.508    u_game_logic/auto_threshold[3]_i_1_n_0
    SLICE_X20Y32         FDPE                                         r  u_game_logic/auto_threshold_reg[3]/D
  -------------------------------------------------------------------    -------------------

                         (clock clk_out1_clk_wiz_0 rise edge)
                                                     39.724    39.724 r  
    AC18                 IBUF                         0.000    39.724 r  clk_IBUF_inst/O
                         net (fo=3, routed)           0.986    40.710    u_clk_wiz/u_clk_wiz_0/inst/clk_in1
    MMCME2_ADV_X1Y0      MMCME2_ADV (Prop_mmcme2_adv_CLKIN1_CLKOUT0)
                                                     -6.599    34.111 r  u_clk_wiz/u_clk_wiz_0/inst/mmcm_adv_inst/CLKOUT0
                         net (fo=1, routed)           1.991    36.102    u_clk_wiz/u_clk_wiz_0/inst/clk_out1_clk_wiz_0
    BUFGCTRL_X0Y0        BUFG (Prop_bufg_I_O)         0.083    36.185 r  u_clk_wiz/u_clk_wiz_0/inst/clkout1_buf/O
                         net (fo=548, routed)         1.483    37.668    u_game_logic/clk_out1
    SLICE_X20Y32         FDPE                                         r  u_game_logic/auto_threshold_reg[3]/C
                         clock pessimism             -0.655    37.013    
                         clock uncertainty           -0.086    36.926    
    SLICE_X20Y32         FDPE (Setup_fdpe_C_D)        0.064    36.990    u_game_logic/auto_threshold_reg[3]
  -------------------------------------------------------------------
                         required time                         36.990    
                         arrival time                          -6.508    
  -------------------------------------------------------------------
                         slack                                 30.482    

Slack (MET) :             30.644ns  (required time - arrival time)
  Source:                 u_game_logic/auto_threshold_reg[4]/C
                            (rising edge-triggered cell FDPE clocked by clk_out1_clk_wiz_0  {rise@0.000ns fall@19.862ns period=39.724ns})
  Destination:            u_game_logic/auto_threshold_reg[4]/D
                            (rising edge-triggered cell FDPE clocked by clk_out1_clk_wiz_0  {rise@0.000ns fall@19.862ns period=39.724ns})
  Path Group:             clk_out1_clk_wiz_0
  Path Type:              Setup (Max at Slow Process Corner)
  Requirement:            39.724ns  (clk_out1_clk_wiz_0 rise@39.724ns - clk_out1_clk_wiz_0 rise@0.000ns)
  Data Path Delay:        9.079ns  (logic 1.857ns (20.453%)  route 7.222ns (79.547%))
  Logic Levels:           19  (CARRY4=3 LUT2=1 LUT3=3 LUT4=1 LUT5=3 LUT6=8)
  Clock Path Skew:        0.000ns (DCD - SCD + CPR)
    Destination Clock Delay (DCD):    -2.056ns = ( 37.668 - 39.724 ) 
    Source Clock Delay      (SCD):    -2.711ns
    Clock Pessimism Removal (CPR):    -0.655ns
  Clock Uncertainty:      0.086ns  ((TSJ^2 + DJ^2)^1/2) / 2 + PE
    Total System Jitter     (TSJ):    0.071ns
    Discrete Jitter          (DJ):    0.157ns
    Phase Error              (PE):    0.000ns

    Location             Delay type                Incr(ns)  Path(ns)    Netlist Resource(s)
  -------------------------------------------------------------------    -------------------
                         (clock clk_out1_clk_wiz_0 rise edge)
                                                      0.000     0.000 r  
    AC18                 IBUF                         0.000     0.000 r  clk_IBUF_inst/O
                         net (fo=3, routed)           1.081     1.081    u_clk_wiz/u_clk_wiz_0/inst/clk_in1
    MMCME2_ADV_X1Y0      MMCME2_ADV (Prop_mmcme2_adv_CLKIN1_CLKOUT0)
                                                     -7.616    -6.535 r  u_clk_wiz/u_clk_wiz_0/inst/mmcm_adv_inst/CLKOUT0
                         net (fo=1, routed)           2.114    -4.421    u_clk_wiz/u_clk_wiz_0/inst/clk_out1_clk_wiz_0
    BUFGCTRL_X0Y0        BUFG (Prop_bufg_I_O)         0.093    -4.328 r  u_clk_wiz/u_clk_wiz_0/inst/clkout1_buf/O
                         net (fo=548, routed)         1.617    -2.711    u_game_logic/clk_out1
    SLICE_X20Y32         FDPE                                         r  u_game_logic/auto_threshold_reg[4]/C
  -------------------------------------------------------------------    -------------------
    SLICE_X20Y32         FDPE (Prop_fdpe_C_Q)         0.236    -2.475 r  u_game_logic/auto_threshold_reg[4]/Q
                         net (fo=4, routed)           0.555    -1.920    u_game_logic/auto_threshold_reg_n_0_[4]
    SLICE_X19Y31         LUT2 (Prop_lut2_I1_O)        0.123    -1.797 r  u_game_logic/auto_threshold[9]_i_9/O
                         net (fo=1, routed)           0.000    -1.797    u_game_logic/auto_threshold[9]_i_9_n_0
    SLICE_X19Y31         CARRY4 (Prop_carry4_S[1]_CO[3])
                                                      0.267    -1.530 r  u_game_logic/auto_threshold_reg[9]_i_5/CO[3]
                         net (fo=1, routed)           0.000    -1.530    u_game_logic/auto_threshold_reg[9]_i_5_n_0
    SLICE_X19Y32         CARRY4 (Prop_carry4_CI_CO[3])
                                                      0.053    -1.477 r  u_game_logic/auto_threshold_reg[13]_i_5/CO[3]
                         net (fo=1, routed)           0.000    -1.477    u_game_logic/auto_threshold_reg[13]_i_5_n_0
    SLICE_X19Y33         CARRY4 (Prop_carry4_CI_O[3])
                                                      0.149    -1.328 r  u_game_logic/auto_threshold_reg[18]_i_7/O[3]
                         net (fo=10, routed)          0.636    -0.692    u_game_logic/auto_threshold1[17]
    SLICE_X18Y36         LUT6 (Prop_lut6_I5_O)        0.120    -0.572 r  u_game_logic/auto_threshold[17]_i_2/O
                         net (fo=7, routed)           0.605     0.033    u_game_logic/auto_threshold0[17]
    SLICE_X22Y35         LUT5 (Prop_lut5_I0_O)        0.043     0.076 r  u_game_logic/auto_threshold[15]_i_3/O
                         net (fo=1, routed)           0.363     0.440    u_game_logic/auto_threshold[15]_i_3_n_0
    SLICE_X22Y35         LUT6 (Prop_lut6_I0_O)        0.043     0.483 r  u_game_logic/auto_threshold[15]_i_2/O
                         net (fo=7, routed)           0.388     0.871    u_game_logic/auto_threshold0[15]
    SLICE_X24Y35         LUT3 (Prop_lut3_I1_O)        0.049     0.920 r  u_game_logic/auto_threshold[13]_i_4/O
                         net (fo=2, routed)           0.462     1.382    u_game_logic/auto_threshold[13]_i_4_n_0
    SLICE_X24Y35         LUT6 (Prop_lut6_I1_O)        0.136     1.518 r  u_game_logic/auto_threshold[13]_i_2/O
                         net (fo=7, routed)           0.353     1.871    u_game_logic/auto_threshold0[13]
    SLICE_X24Y33         LUT5 (Prop_lut5_I0_O)        0.043     1.914 r  u_game_logic/auto_threshold[11]_i_3/O
                         net (fo=1, routed)           0.349     2.263    u_game_logic/auto_threshold[11]_i_3_n_0
    SLICE_X24Y33         LUT6 (Prop_lut6_I0_O)        0.043     2.306 r  u_game_logic/auto_threshold[11]_i_2/O
                         net (fo=7, routed)           0.590     2.896    u_game_logic/auto_threshold0[11]
    SLICE_X23Y33         LUT3 (Prop_lut3_I1_O)        0.049     2.945 r  u_game_logic/auto_threshold[9]_i_4/O
                         net (fo=2, routed)           0.467     3.412    u_game_logic/auto_threshold[9]_i_4_n_0
    SLICE_X23Y33         LUT6 (Prop_lut6_I1_O)        0.136     3.548 r  u_game_logic/auto_threshold[9]_i_2/O
                         net (fo=7, routed)           0.206     3.754    u_game_logic/auto_threshold0[9]
    SLICE_X23Y32         LUT6 (Prop_lut6_I2_O)        0.043     3.797 r  u_game_logic/auto_threshold[8]_i_2/O
                         net (fo=7, routed)           0.399     4.195    u_game_logic/auto_threshold0[8]
    SLICE_X22Y32         LUT3 (Prop_lut3_I1_O)        0.053     4.248 r  u_game_logic/auto_threshold[6]_i_4/O
                         net (fo=2, routed)           0.472     4.721    u_game_logic/auto_threshold[6]_i_4_n_0
    SLICE_X22Y32         LUT6 (Prop_lut6_I1_O)        0.138     4.859 r  u_game_logic/auto_threshold[6]_i_2/O
                         net (fo=7, routed)           0.451     5.310    u_game_logic/auto_threshold0[6]
    SLICE_X20Y30         LUT5 (Prop_lut5_I0_O)        0.043     5.353 r  u_game_logic/auto_threshold[4]_i_3/O
                         net (fo=1, routed)           0.372     5.725    u_game_logic/auto_threshold[4]_i_3_n_0
    SLICE_X20Y30         LUT6 (Prop_lut6_I0_O)        0.043     5.768 r  u_game_logic/auto_threshold[4]_i_2/O
                         net (fo=7, routed)           0.554     6.321    u_game_logic/auto_threshold0[4]
    SLICE_X20Y32         LUT4 (Prop_lut4_I3_O)        0.047     6.368 r  u_game_logic/auto_threshold[4]_i_1/O
                         net (fo=1, routed)           0.000     6.368    u_game_logic/auto_threshold[4]_i_1_n_0
    SLICE_X20Y32         FDPE                                         r  u_game_logic/auto_threshold_reg[4]/D
  -------------------------------------------------------------------    -------------------

                         (clock clk_out1_clk_wiz_0 rise edge)
                                                     39.724    39.724 r  
    AC18                 IBUF                         0.000    39.724 r  clk_IBUF_inst/O
                         net (fo=3, routed)           0.986    40.710    u_clk_wiz/u_clk_wiz_0/inst/clk_in1
    MMCME2_ADV_X1Y0      MMCME2_ADV (Prop_mmcme2_adv_CLKIN1_CLKOUT0)
                                                     -6.599    34.111 r  u_clk_wiz/u_clk_wiz_0/inst/mmcm_adv_inst/CLKOUT0
                         net (fo=1, routed)           1.991    36.102    u_clk_wiz/u_clk_wiz_0/inst/clk_out1_clk_wiz_0
    BUFGCTRL_X0Y0        BUFG (Prop_bufg_I_O)         0.083    36.185 r  u_clk_wiz/u_clk_wiz_0/inst/clkout1_buf/O
                         net (fo=548, routed)         1.483    37.668    u_game_logic/clk_out1
    SLICE_X20Y32         FDPE                                         r  u_game_logic/auto_threshold_reg[4]/C
                         clock pessimism             -0.655    37.013    
                         clock uncertainty           -0.086    36.926    
    SLICE_X20Y32         FDPE (Setup_fdpe_C_D)        0.086    37.012    u_game_logic/auto_threshold_reg[4]
  -------------------------------------------------------------------
                         required time                         37.012    
                         arrival time                          -6.368    
  -------------------------------------------------------------------
                         slack                                 30.644    

Slack (MET) :             30.645ns  (required time - arrival time)
  Source:                 u_vgac/row_addr_reg[7]/C
                            (rising edge-triggered cell FDRE clocked by clk_out1_clk_wiz_0  {rise@0.000ns fall@19.862ns period=39.724ns})
  Destination:            u_vgac/r_reg[1]_lopt_replica/D
                            (rising edge-triggered cell FDRE clocked by clk_out1_clk_wiz_0  {rise@0.000ns fall@19.862ns period=39.724ns})
  Path Group:             clk_out1_clk_wiz_0
  Path Type:              Setup (Max at Slow Process Corner)
  Requirement:            39.724ns  (clk_out1_clk_wiz_0 rise@39.724ns - clk_out1_clk_wiz_0 rise@0.000ns)
  Data Path Delay:        8.581ns  (logic 1.191ns (13.879%)  route 7.390ns (86.121%))
  Logic Levels:           13  (LUT2=2 LUT3=1 LUT4=2 LUT5=1 LUT6=7)
  Clock Path Skew:        -0.287ns (DCD - SCD + CPR)
    Destination Clock Delay (DCD):    -2.162ns = ( 37.562 - 39.724 ) 
    Source Clock Delay      (SCD):    -2.649ns
    Clock Pessimism Removal (CPR):    -0.774ns
  Clock Uncertainty:      0.086ns  ((TSJ^2 + DJ^2)^1/2) / 2 + PE
    Total System Jitter     (TSJ):    0.071ns
    Discrete Jitter          (DJ):    0.157ns
    Phase Error              (PE):    0.000ns

    Location             Delay type                Incr(ns)  Path(ns)    Netlist Resource(s)
  -------------------------------------------------------------------    -------------------
                         (clock clk_out1_clk_wiz_0 rise edge)
                                                      0.000     0.000 r  
    AC18                 IBUF                         0.000     0.000 r  clk_IBUF_inst/O
                         net (fo=3, routed)           1.081     1.081    u_clk_wiz/u_clk_wiz_0/inst/clk_in1
    MMCME2_ADV_X1Y0      MMCME2_ADV (Prop_mmcme2_adv_CLKIN1_CLKOUT0)
                                                     -7.616    -6.535 r  u_clk_wiz/u_clk_wiz_0/inst/mmcm_adv_inst/CLKOUT0
                         net (fo=1, routed)           2.114    -4.421    u_clk_wiz/u_clk_wiz_0/inst/clk_out1_clk_wiz_0
    BUFGCTRL_X0Y0        BUFG (Prop_bufg_I_O)         0.093    -4.328 r  u_clk_wiz/u_clk_wiz_0/inst/clkout1_buf/O
                         net (fo=548, routed)         1.679    -2.649    u_vgac/clk_out1
    SLICE_X3Y37          FDRE                                         r  u_vgac/row_addr_reg[7]/C
  -------------------------------------------------------------------    -------------------
    SLICE_X3Y37          FDRE (Prop_fdre_C_Q)         0.223    -2.426 r  u_vgac/row_addr_reg[7]/Q
                         net (fo=67, routed)          1.479    -0.947    u_vgac/row_addr_reg[8]_0[7]
    SLICE_X6Y48          LUT2 (Prop_lut2_I1_O)        0.047    -0.900 r  u_vgac/g[3]_i_732/O
                         net (fo=1, routed)           0.675    -0.225    u_vgac/g[3]_i_732_n_0
    SLICE_X5Y39          LUT6 (Prop_lut6_I5_O)        0.134    -0.091 r  u_vgac/g[3]_i_703/O
                         net (fo=5, routed)           0.447     0.356    u_vgac/g[3]_i_703_n_0
    SLICE_X7Y39          LUT5 (Prop_lut5_I0_O)        0.051     0.407 r  u_vgac/g[3]_i_730/O
                         net (fo=1, routed)           0.457     0.864    u_game_logic/g[3]_i_708_1
    SLICE_X9Y38          LUT4 (Prop_lut4_I0_O)        0.148     1.012 r  u_game_logic/g[3]_i_698/O
                         net (fo=2, routed)           0.448     1.460    u_game_logic/g[3]_i_698_n_0
    SLICE_X8Y37          LUT6 (Prop_lut6_I0_O)        0.137     1.597 r  u_game_logic/g[3]_i_522/O
                         net (fo=25, routed)          0.497     2.094    u_game_logic/g[3]_i_522_n_0
    SLICE_X8Y36          LUT2 (Prop_lut2_I1_O)        0.051     2.145 f  u_game_logic/g[3]_i_526/O
                         net (fo=7, routed)           0.466     2.610    u_game_logic/score_right_reg[3]_2
    SLICE_X8Y35          LUT4 (Prop_lut4_I1_O)        0.134     2.744 r  u_game_logic/g[3]_i_517/O
                         net (fo=2, routed)           0.492     3.237    u_vgac/g[3]_i_264_1
    SLICE_X7Y36          LUT6 (Prop_lut6_I2_O)        0.043     3.280 r  u_vgac/g[3]_i_529/O
                         net (fo=1, routed)           0.369     3.648    u_vgac/g[3]_i_529_n_0
    SLICE_X9Y36          LUT6 (Prop_lut6_I3_O)        0.043     3.691 r  u_vgac/g[3]_i_264/O
                         net (fo=1, routed)           0.359     4.051    u_vgac/g[3]_i_264_n_0
    SLICE_X7Y35          LUT6 (Prop_lut6_I5_O)        0.043     4.094 r  u_vgac/g[3]_i_80/O
                         net (fo=1, routed)           0.316     4.410    u_vgac/g[3]_i_80_n_0
    SLICE_X5Y37          LUT6 (Prop_lut6_I0_O)        0.043     4.453 f  u_vgac/g[3]_i_23/O
                         net (fo=1, routed)           0.361     4.814    u_vgac/g[3]_i_23_n_0
    SLICE_X4Y40          LUT6 (Prop_lut6_I0_O)        0.043     4.857 f  u_vgac/g[3]_i_6/O
                         net (fo=6, routed)           0.695     5.552    u_vgac/g[3]_i_6_n_0
    SLICE_X1Y48          LUT3 (Prop_lut3_I2_O)        0.051     5.603 r  u_vgac/r[1]_i_1/O
                         net (fo=4, routed)           0.329     5.932    u_vgac/r[1]_i_1_n_0
    SLICE_X0Y50          FDRE                                         r  u_vgac/r_reg[1]_lopt_replica/D
  -------------------------------------------------------------------    -------------------

                         (clock clk_out1_clk_wiz_0 rise edge)
                                                     39.724    39.724 r  
    AC18                 IBUF                         0.000    39.724 r  clk_IBUF_inst/O
                         net (fo=3, routed)           0.986    40.710    u_clk_wiz/u_clk_wiz_0/inst/clk_in1
    MMCME2_ADV_X1Y0      MMCME2_ADV (Prop_mmcme2_adv_CLKIN1_CLKOUT0)
                                                     -6.599    34.111 r  u_clk_wiz/u_clk_wiz_0/inst/mmcm_adv_inst/CLKOUT0
                         net (fo=1, routed)           1.991    36.102    u_clk_wiz/u_clk_wiz_0/inst/clk_out1_clk_wiz_0
    BUFGCTRL_X0Y0        BUFG (Prop_bufg_I_O)         0.083    36.185 r  u_clk_wiz/u_clk_wiz_0/inst/clkout1_buf/O
                         net (fo=548, routed)         1.377    37.562    u_vgac/clk_out1
    SLICE_X0Y50          FDRE                                         r  u_vgac/r_reg[1]_lopt_replica/C
                         clock pessimism             -0.774    36.788    
                         clock uncertainty           -0.086    36.701    
    SLICE_X0Y50          FDRE (Setup_fdre_C_D)       -0.124    36.577    u_vgac/r_reg[1]_lopt_replica
  -------------------------------------------------------------------
                         required time                         36.577    
                         arrival time                          -5.932    
  -------------------------------------------------------------------
                         slack                                 30.645    

Slack (MET) :             30.651ns  (required time - arrival time)
  Source:                 u_vgac/row_addr_reg[7]/C
                            (rising edge-triggered cell FDRE clocked by clk_out1_clk_wiz_0  {rise@0.000ns fall@19.862ns period=39.724ns})
  Destination:            u_vgac/r_reg[1]/D
                            (rising edge-triggered cell FDRE clocked by clk_out1_clk_wiz_0  {rise@0.000ns fall@19.862ns period=39.724ns})
  Path Group:             clk_out1_clk_wiz_0
  Path Type:              Setup (Max at Slow Process Corner)
  Requirement:            39.724ns  (clk_out1_clk_wiz_0 rise@39.724ns - clk_out1_clk_wiz_0 rise@0.000ns)
  Data Path Delay:        8.584ns  (logic 1.191ns (13.874%)  route 7.393ns (86.126%))
  Logic Levels:           13  (LUT2=2 LUT3=1 LUT4=2 LUT5=1 LUT6=7)
  Clock Path Skew:        -0.287ns (DCD - SCD + CPR)
    Destination Clock Delay (DCD):    -2.162ns = ( 37.562 - 39.724 ) 
    Source Clock Delay      (SCD):    -2.649ns
    Clock Pessimism Removal (CPR):    -0.774ns
  Clock Uncertainty:      0.086ns  ((TSJ^2 + DJ^2)^1/2) / 2 + PE
    Total System Jitter     (TSJ):    0.071ns
    Discrete Jitter          (DJ):    0.157ns
    Phase Error              (PE):    0.000ns

    Location             Delay type                Incr(ns)  Path(ns)    Netlist Resource(s)
  -------------------------------------------------------------------    -------------------
                         (clock clk_out1_clk_wiz_0 rise edge)
                                                      0.000     0.000 r  
    AC18                 IBUF                         0.000     0.000 r  clk_IBUF_inst/O
                         net (fo=3, routed)           1.081     1.081    u_clk_wiz/u_clk_wiz_0/inst/clk_in1
    MMCME2_ADV_X1Y0      MMCME2_ADV (Prop_mmcme2_adv_CLKIN1_CLKOUT0)
                                                     -7.616    -6.535 r  u_clk_wiz/u_clk_wiz_0/inst/mmcm_adv_inst/CLKOUT0
                         net (fo=1, routed)           2.114    -4.421    u_clk_wiz/u_clk_wiz_0/inst/clk_out1_clk_wiz_0
    BUFGCTRL_X0Y0        BUFG (Prop_bufg_I_O)         0.093    -4.328 r  u_clk_wiz/u_clk_wiz_0/inst/clkout1_buf/O
                         net (fo=548, routed)         1.679    -2.649    u_vgac/clk_out1
    SLICE_X3Y37          FDRE                                         r  u_vgac/row_addr_reg[7]/C
  -------------------------------------------------------------------    -------------------
    SLICE_X3Y37          FDRE (Prop_fdre_C_Q)         0.223    -2.426 r  u_vgac/row_addr_reg[7]/Q
                         net (fo=67, routed)          1.479    -0.947    u_vgac/row_addr_reg[8]_0[7]
    SLICE_X6Y48          LUT2 (Prop_lut2_I1_O)        0.047    -0.900 r  u_vgac/g[3]_i_732/O
                         net (fo=1, routed)           0.675    -0.225    u_vgac/g[3]_i_732_n_0
    SLICE_X5Y39          LUT6 (Prop_lut6_I5_O)        0.134    -0.091 r  u_vgac/g[3]_i_703/O
                         net (fo=5, routed)           0.447     0.356    u_vgac/g[3]_i_703_n_0
    SLICE_X7Y39          LUT5 (Prop_lut5_I0_O)        0.051     0.407 r  u_vgac/g[3]_i_730/O
                         net (fo=1, routed)           0.457     0.864    u_game_logic/g[3]_i_708_1
    SLICE_X9Y38          LUT4 (Prop_lut4_I0_O)        0.148     1.012 r  u_game_logic/g[3]_i_698/O
                         net (fo=2, routed)           0.448     1.460    u_game_logic/g[3]_i_698_n_0
    SLICE_X8Y37          LUT6 (Prop_lut6_I0_O)        0.137     1.597 r  u_game_logic/g[3]_i_522/O
                         net (fo=25, routed)          0.497     2.094    u_game_logic/g[3]_i_522_n_0
    SLICE_X8Y36          LUT2 (Prop_lut2_I1_O)        0.051     2.145 f  u_game_logic/g[3]_i_526/O
                         net (fo=7, routed)           0.466     2.610    u_game_logic/score_right_reg[3]_2
    SLICE_X8Y35          LUT4 (Prop_lut4_I1_O)        0.134     2.744 r  u_game_logic/g[3]_i_517/O
                         net (fo=2, routed)           0.492     3.237    u_vgac/g[3]_i_264_1
    SLICE_X7Y36          LUT6 (Prop_lut6_I2_O)        0.043     3.280 r  u_vgac/g[3]_i_529/O
                         net (fo=1, routed)           0.369     3.648    u_vgac/g[3]_i_529_n_0
    SLICE_X9Y36          LUT6 (Prop_lut6_I3_O)        0.043     3.691 r  u_vgac/g[3]_i_264/O
                         net (fo=1, routed)           0.359     4.051    u_vgac/g[3]_i_264_n_0
    SLICE_X7Y35          LUT6 (Prop_lut6_I5_O)        0.043     4.094 r  u_vgac/g[3]_i_80/O
                         net (fo=1, routed)           0.316     4.410    u_vgac/g[3]_i_80_n_0
    SLICE_X5Y37          LUT6 (Prop_lut6_I0_O)        0.043     4.453 f  u_vgac/g[3]_i_23/O
                         net (fo=1, routed)           0.361     4.814    u_vgac/g[3]_i_23_n_0
    SLICE_X4Y40          LUT6 (Prop_lut6_I0_O)        0.043     4.857 f  u_vgac/g[3]_i_6/O
                         net (fo=6, routed)           0.695     5.552    u_vgac/g[3]_i_6_n_0
    SLICE_X1Y48          LUT3 (Prop_lut3_I2_O)        0.051     5.603 r  u_vgac/r[1]_i_1/O
                         net (fo=4, routed)           0.332     5.935    u_vgac/r[1]_i_1_n_0
    SLICE_X0Y50          FDRE                                         r  u_vgac/r_reg[1]/D
  -------------------------------------------------------------------    -------------------

                         (clock clk_out1_clk_wiz_0 rise edge)
                                                     39.724    39.724 r  
    AC18                 IBUF                         0.000    39.724 r  clk_IBUF_inst/O
                         net (fo=3, routed)           0.986    40.710    u_clk_wiz/u_clk_wiz_0/inst/clk_in1
    MMCME2_ADV_X1Y0      MMCME2_ADV (Prop_mmcme2_adv_CLKIN1_CLKOUT0)
                                                     -6.599    34.111 r  u_clk_wiz/u_clk_wiz_0/inst/mmcm_adv_inst/CLKOUT0
                         net (fo=1, routed)           1.991    36.102    u_clk_wiz/u_clk_wiz_0/inst/clk_out1_clk_wiz_0
    BUFGCTRL_X0Y0        BUFG (Prop_bufg_I_O)         0.083    36.185 r  u_clk_wiz/u_clk_wiz_0/inst/clkout1_buf/O
                         net (fo=548, routed)         1.377    37.562    u_vgac/clk_out1
    SLICE_X0Y50          FDRE                                         r  u_vgac/r_reg[1]/C
                         clock pessimism             -0.774    36.788    
                         clock uncertainty           -0.086    36.701    
    SLICE_X0Y50          FDRE (Setup_fdre_C_D)       -0.115    36.586    u_vgac/r_reg[1]
  -------------------------------------------------------------------
                         required time                         36.586    
                         arrival time                          -5.935    
  -------------------------------------------------------------------
                         slack                                 30.651    

Slack (MET) :             30.656ns  (required time - arrival time)
  Source:                 u_vgac/row_addr_reg[7]/C
                            (rising edge-triggered cell FDRE clocked by clk_out1_clk_wiz_0  {rise@0.000ns fall@19.862ns period=39.724ns})
  Destination:            u_vgac/r_reg[1]_lopt_replica_3/D
                            (rising edge-triggered cell FDRE clocked by clk_out1_clk_wiz_0  {rise@0.000ns fall@19.862ns period=39.724ns})
  Path Group:             clk_out1_clk_wiz_0
  Path Type:              Setup (Max at Slow Process Corner)
  Requirement:            39.724ns  (clk_out1_clk_wiz_0 rise@39.724ns - clk_out1_clk_wiz_0 rise@0.000ns)
  Data Path Delay:        8.583ns  (logic 1.191ns (13.877%)  route 7.392ns (86.123%))
  Logic Levels:           13  (LUT2=2 LUT3=1 LUT4=2 LUT5=1 LUT6=7)
  Clock Path Skew:        -0.287ns (DCD - SCD + CPR)
    Destination Clock Delay (DCD):    -2.162ns = ( 37.562 - 39.724 ) 
    Source Clock Delay      (SCD):    -2.649ns
    Clock Pessimism Removal (CPR):    -0.774ns
  Clock Uncertainty:      0.086ns  ((TSJ^2 + DJ^2)^1/2) / 2 + PE
    Total System Jitter     (TSJ):    0.071ns
    Discrete Jitter          (DJ):    0.157ns
    Phase Error              (PE):    0.000ns

    Location             Delay type                Incr(ns)  Path(ns)    Netlist Resource(s)
  -------------------------------------------------------------------    -------------------
                         (clock clk_out1_clk_wiz_0 rise edge)
                                                      0.000     0.000 r  
    AC18                 IBUF                         0.000     0.000 r  clk_IBUF_inst/O
                         net (fo=3, routed)           1.081     1.081    u_clk_wiz/u_clk_wiz_0/inst/clk_in1
    MMCME2_ADV_X1Y0      MMCME2_ADV (Prop_mmcme2_adv_CLKIN1_CLKOUT0)
                                                     -7.616    -6.535 r  u_clk_wiz/u_clk_wiz_0/inst/mmcm_adv_inst/CLKOUT0
                         net (fo=1, routed)           2.114    -4.421    u_clk_wiz/u_clk_wiz_0/inst/clk_out1_clk_wiz_0
    BUFGCTRL_X0Y0        BUFG (Prop_bufg_I_O)         0.093    -4.328 r  u_clk_wiz/u_clk_wiz_0/inst/clkout1_buf/O
                         net (fo=548, routed)         1.679    -2.649    u_vgac/clk_out1
    SLICE_X3Y37          FDRE                                         r  u_vgac/row_addr_reg[7]/C
  -------------------------------------------------------------------    -------------------
    SLICE_X3Y37          FDRE (Prop_fdre_C_Q)         0.223    -2.426 r  u_vgac/row_addr_reg[7]/Q
                         net (fo=67, routed)          1.479    -0.947    u_vgac/row_addr_reg[8]_0[7]
    SLICE_X6Y48          LUT2 (Prop_lut2_I1_O)        0.047    -0.900 r  u_vgac/g[3]_i_732/O
                         net (fo=1, routed)           0.675    -0.225    u_vgac/g[3]_i_732_n_0
    SLICE_X5Y39          LUT6 (Prop_lut6_I5_O)        0.134    -0.091 r  u_vgac/g[3]_i_703/O
                         net (fo=5, routed)           0.447     0.356    u_vgac/g[3]_i_703_n_0
    SLICE_X7Y39          LUT5 (Prop_lut5_I0_O)        0.051     0.407 r  u_vgac/g[3]_i_730/O
                         net (fo=1, routed)           0.457     0.864    u_game_logic/g[3]_i_708_1
    SLICE_X9Y38          LUT4 (Prop_lut4_I0_O)        0.148     1.012 r  u_game_logic/g[3]_i_698/O
                         net (fo=2, routed)           0.448     1.460    u_game_logic/g[3]_i_698_n_0
    SLICE_X8Y37          LUT6 (Prop_lut6_I0_O)        0.137     1.597 r  u_game_logic/g[3]_i_522/O
                         net (fo=25, routed)          0.497     2.094    u_game_logic/g[3]_i_522_n_0
    SLICE_X8Y36          LUT2 (Prop_lut2_I1_O)        0.051     2.145 f  u_game_logic/g[3]_i_526/O
                         net (fo=7, routed)           0.466     2.610    u_game_logic/score_right_reg[3]_2
    SLICE_X8Y35          LUT4 (Prop_lut4_I1_O)        0.134     2.744 r  u_game_logic/g[3]_i_517/O
                         net (fo=2, routed)           0.492     3.237    u_vgac/g[3]_i_264_1
    SLICE_X7Y36          LUT6 (Prop_lut6_I2_O)        0.043     3.280 r  u_vgac/g[3]_i_529/O
                         net (fo=1, routed)           0.369     3.648    u_vgac/g[3]_i_529_n_0
    SLICE_X9Y36          LUT6 (Prop_lut6_I3_O)        0.043     3.691 r  u_vgac/g[3]_i_264/O
                         net (fo=1, routed)           0.359     4.051    u_vgac/g[3]_i_264_n_0
    SLICE_X7Y35          LUT6 (Prop_lut6_I5_O)        0.043     4.094 r  u_vgac/g[3]_i_80/O
                         net (fo=1, routed)           0.316     4.410    u_vgac/g[3]_i_80_n_0
    SLICE_X5Y37          LUT6 (Prop_lut6_I0_O)        0.043     4.453 f  u_vgac/g[3]_i_23/O
                         net (fo=1, routed)           0.361     4.814    u_vgac/g[3]_i_23_n_0
    SLICE_X4Y40          LUT6 (Prop_lut6_I0_O)        0.043     4.857 f  u_vgac/g[3]_i_6/O
                         net (fo=6, routed)           0.695     5.552    u_vgac/g[3]_i_6_n_0
    SLICE_X1Y48          LUT3 (Prop_lut3_I2_O)        0.051     5.603 r  u_vgac/r[1]_i_1/O
                         net (fo=4, routed)           0.331     5.934    u_vgac/r[1]_i_1_n_0
    SLICE_X0Y50          FDRE                                         r  u_vgac/r_reg[1]_lopt_replica_3/D
  -------------------------------------------------------------------    -------------------

                         (clock clk_out1_clk_wiz_0 rise edge)
                                                     39.724    39.724 r  
    AC18                 IBUF                         0.000    39.724 r  clk_IBUF_inst/O
                         net (fo=3, routed)           0.986    40.710    u_clk_wiz/u_clk_wiz_0/inst/clk_in1
    MMCME2_ADV_X1Y0      MMCME2_ADV (Prop_mmcme2_adv_CLKIN1_CLKOUT0)
                                                     -6.599    34.111 r  u_clk_wiz/u_clk_wiz_0/inst/mmcm_adv_inst/CLKOUT0
                         net (fo=1, routed)           1.991    36.102    u_clk_wiz/u_clk_wiz_0/inst/clk_out1_clk_wiz_0
    BUFGCTRL_X0Y0        BUFG (Prop_bufg_I_O)         0.083    36.185 r  u_clk_wiz/u_clk_wiz_0/inst/clkout1_buf/O
                         net (fo=548, routed)         1.377    37.562    u_vgac/clk_out1
    SLICE_X0Y50          FDRE                                         r  u_vgac/r_reg[1]_lopt_replica_3/C
                         clock pessimism             -0.774    36.788    
                         clock uncertainty           -0.086    36.701    
    SLICE_X0Y50          FDRE (Setup_fdre_C_D)       -0.112    36.589    u_vgac/r_reg[1]_lopt_replica_3
  -------------------------------------------------------------------
                         required time                         36.589    
                         arrival time                          -5.934    
  -------------------------------------------------------------------
                         slack                                 30.656    

Slack (MET) :             30.657ns  (required time - arrival time)
  Source:                 u_vgac/row_addr_reg[7]/C
                            (rising edge-triggered cell FDRE clocked by clk_out1_clk_wiz_0  {rise@0.000ns fall@19.862ns period=39.724ns})
  Destination:            u_vgac/r_reg[1]_lopt_replica_2/D
                            (rising edge-triggered cell FDRE clocked by clk_out1_clk_wiz_0  {rise@0.000ns fall@19.862ns period=39.724ns})
  Path Group:             clk_out1_clk_wiz_0
  Path Type:              Setup (Max at Slow Process Corner)
  Requirement:            39.724ns  (clk_out1_clk_wiz_0 rise@39.724ns - clk_out1_clk_wiz_0 rise@0.000ns)
  Data Path Delay:        8.581ns  (logic 1.191ns (13.879%)  route 7.390ns (86.121%))
  Logic Levels:           13  (LUT2=2 LUT3=1 LUT4=2 LUT5=1 LUT6=7)
  Clock Path Skew:        -0.287ns (DCD - SCD + CPR)
    Destination Clock Delay (DCD):    -2.162ns = ( 37.562 - 39.724 ) 
    Source Clock Delay      (SCD):    -2.649ns
    Clock Pessimism Removal (CPR):    -0.774ns
  Clock Uncertainty:      0.086ns  ((TSJ^2 + DJ^2)^1/2) / 2 + PE
    Total System Jitter     (TSJ):    0.071ns
    Discrete Jitter          (DJ):    0.157ns
    Phase Error              (PE):    0.000ns

    Location             Delay type                Incr(ns)  Path(ns)    Netlist Resource(s)
  -------------------------------------------------------------------    -------------------
                         (clock clk_out1_clk_wiz_0 rise edge)
                                                      0.000     0.000 r  
    AC18                 IBUF                         0.000     0.000 r  clk_IBUF_inst/O
                         net (fo=3, routed)           1.081     1.081    u_clk_wiz/u_clk_wiz_0/inst/clk_in1
    MMCME2_ADV_X1Y0      MMCME2_ADV (Prop_mmcme2_adv_CLKIN1_CLKOUT0)
                                                     -7.616    -6.535 r  u_clk_wiz/u_clk_wiz_0/inst/mmcm_adv_inst/CLKOUT0
                         net (fo=1, routed)           2.114    -4.421    u_clk_wiz/u_clk_wiz_0/inst/clk_out1_clk_wiz_0
    BUFGCTRL_X0Y0        BUFG (Prop_bufg_I_O)         0.093    -4.328 r  u_clk_wiz/u_clk_wiz_0/inst/clkout1_buf/O
                         net (fo=548, routed)         1.679    -2.649    u_vgac/clk_out1
    SLICE_X3Y37          FDRE                                         r  u_vgac/row_addr_reg[7]/C
  -------------------------------------------------------------------    -------------------
    SLICE_X3Y37          FDRE (Prop_fdre_C_Q)         0.223    -2.426 r  u_vgac/row_addr_reg[7]/Q
                         net (fo=67, routed)          1.479    -0.947    u_vgac/row_addr_reg[8]_0[7]
    SLICE_X6Y48          LUT2 (Prop_lut2_I1_O)        0.047    -0.900 r  u_vgac/g[3]_i_732/O
                         net (fo=1, routed)           0.675    -0.225    u_vgac/g[3]_i_732_n_0
    SLICE_X5Y39          LUT6 (Prop_lut6_I5_O)        0.134    -0.091 r  u_vgac/g[3]_i_703/O
                         net (fo=5, routed)           0.447     0.356    u_vgac/g[3]_i_703_n_0
    SLICE_X7Y39          LUT5 (Prop_lut5_I0_O)        0.051     0.407 r  u_vgac/g[3]_i_730/O
                         net (fo=1, routed)           0.457     0.864    u_game_logic/g[3]_i_708_1
    SLICE_X9Y38          LUT4 (Prop_lut4_I0_O)        0.148     1.012 r  u_game_logic/g[3]_i_698/O
                         net (fo=2, routed)           0.448     1.460    u_game_logic/g[3]_i_698_n_0
    SLICE_X8Y37          LUT6 (Prop_lut6_I0_O)        0.137     1.597 r  u_game_logic/g[3]_i_522/O
                         net (fo=25, routed)          0.497     2.094    u_game_logic/g[3]_i_522_n_0
    SLICE_X8Y36          LUT2 (Prop_lut2_I1_O)        0.051     2.145 f  u_game_logic/g[3]_i_526/O
                         net (fo=7, routed)           0.466     2.610    u_game_logic/score_right_reg[3]_2
    SLICE_X8Y35          LUT4 (Prop_lut4_I1_O)        0.134     2.744 r  u_game_logic/g[3]_i_517/O
                         net (fo=2, routed)           0.492     3.237    u_vgac/g[3]_i_264_1
    SLICE_X7Y36          LUT6 (Prop_lut6_I2_O)        0.043     3.280 r  u_vgac/g[3]_i_529/O
                         net (fo=1, routed)           0.369     3.648    u_vgac/g[3]_i_529_n_0
    SLICE_X9Y36          LUT6 (Prop_lut6_I3_O)        0.043     3.691 r  u_vgac/g[3]_i_264/O
                         net (fo=1, routed)           0.359     4.051    u_vgac/g[3]_i_264_n_0
    SLICE_X7Y35          LUT6 (Prop_lut6_I5_O)        0.043     4.094 r  u_vgac/g[3]_i_80/O
                         net (fo=1, routed)           0.316     4.410    u_vgac/g[3]_i_80_n_0
    SLICE_X5Y37          LUT6 (Prop_lut6_I0_O)        0.043     4.453 f  u_vgac/g[3]_i_23/O
                         net (fo=1, routed)           0.361     4.814    u_vgac/g[3]_i_23_n_0
    SLICE_X4Y40          LUT6 (Prop_lut6_I0_O)        0.043     4.857 f  u_vgac/g[3]_i_6/O
                         net (fo=6, routed)           0.695     5.552    u_vgac/g[3]_i_6_n_0
    SLICE_X1Y48          LUT3 (Prop_lut3_I2_O)        0.051     5.603 r  u_vgac/r[1]_i_1/O
                         net (fo=4, routed)           0.329     5.932    u_vgac/r[1]_i_1_n_0
    SLICE_X0Y50          FDRE                                         r  u_vgac/r_reg[1]_lopt_replica_2/D
  -------------------------------------------------------------------    -------------------

                         (clock clk_out1_clk_wiz_0 rise edge)
                                                     39.724    39.724 r  
    AC18                 IBUF                         0.000    39.724 r  clk_IBUF_inst/O
                         net (fo=3, routed)           0.986    40.710    u_clk_wiz/u_clk_wiz_0/inst/clk_in1
    MMCME2_ADV_X1Y0      MMCME2_ADV (Prop_mmcme2_adv_CLKIN1_CLKOUT0)
                                                     -6.599    34.111 r  u_clk_wiz/u_clk_wiz_0/inst/mmcm_adv_inst/CLKOUT0
                         net (fo=1, routed)           1.991    36.102    u_clk_wiz/u_clk_wiz_0/inst/clk_out1_clk_wiz_0
    BUFGCTRL_X0Y0        BUFG (Prop_bufg_I_O)         0.083    36.185 r  u_clk_wiz/u_clk_wiz_0/inst/clkout1_buf/O
                         net (fo=548, routed)         1.377    37.562    u_vgac/clk_out1
    SLICE_X0Y50          FDRE                                         r  u_vgac/r_reg[1]_lopt_replica_2/C
                         clock pessimism             -0.774    36.788    
                         clock uncertainty           -0.086    36.701    
    SLICE_X0Y50          FDRE (Setup_fdre_C_D)       -0.112    36.589    u_vgac/r_reg[1]_lopt_replica_2
  -------------------------------------------------------------------
                         required time                         36.589    
                         arrival time                          -5.932    
  -------------------------------------------------------------------
                         slack                                 30.657    

Slack (MET) :             30.982ns  (required time - arrival time)
  Source:                 u_vgac/row_addr_reg[7]/C
                            (rising edge-triggered cell FDRE clocked by clk_out1_clk_wiz_0  {rise@0.000ns fall@19.862ns period=39.724ns})
  Destination:            u_vgac/r_reg[2]_lopt_replica/D
                            (rising edge-triggered cell FDRE clocked by clk_out1_clk_wiz_0  {rise@0.000ns fall@19.862ns period=39.724ns})
  Path Group:             clk_out1_clk_wiz_0
  Path Type:              Setup (Max at Slow Process Corner)
  Requirement:            39.724ns  (clk_out1_clk_wiz_0 rise@39.724ns - clk_out1_clk_wiz_0 rise@0.000ns)
  Data Path Delay:        8.530ns  (logic 1.194ns (13.998%)  route 7.336ns (86.002%))
  Logic Levels:           13  (LUT2=2 LUT3=1 LUT4=2 LUT5=1 LUT6=7)
  Clock Path Skew:        -0.021ns (DCD - SCD + CPR)
    Destination Clock Delay (DCD):    -1.992ns = ( 37.732 - 39.724 ) 
    Source Clock Delay      (SCD):    -2.649ns
    Clock Pessimism Removal (CPR):    -0.678ns
  Clock Uncertainty:      0.086ns  ((TSJ^2 + DJ^2)^1/2) / 2 + PE
    Total System Jitter     (TSJ):    0.071ns
    Discrete Jitter          (DJ):    0.157ns
    Phase Error              (PE):    0.000ns

    Location             Delay type                Incr(ns)  Path(ns)    Netlist Resource(s)
  -------------------------------------------------------------------    -------------------
                         (clock clk_out1_clk_wiz_0 rise edge)
                                                      0.000     0.000 r  
    AC18                 IBUF                         0.000     0.000 r  clk_IBUF_inst/O
                         net (fo=3, routed)           1.081     1.081    u_clk_wiz/u_clk_wiz_0/inst/clk_in1
    MMCME2_ADV_X1Y0      MMCME2_ADV (Prop_mmcme2_adv_CLKIN1_CLKOUT0)
                                                     -7.616    -6.535 r  u_clk_wiz/u_clk_wiz_0/inst/mmcm_adv_inst/CLKOUT0
                         net (fo=1, routed)           2.114    -4.421    u_clk_wiz/u_clk_wiz_0/inst/clk_out1_clk_wiz_0
    BUFGCTRL_X0Y0        BUFG (Prop_bufg_I_O)         0.093    -4.328 r  u_clk_wiz/u_clk_wiz_0/inst/clkout1_buf/O
                         net (fo=548, routed)         1.679    -2.649    u_vgac/clk_out1
    SLICE_X3Y37          FDRE                                         r  u_vgac/row_addr_reg[7]/C
  -------------------------------------------------------------------    -------------------
    SLICE_X3Y37          FDRE (Prop_fdre_C_Q)         0.223    -2.426 r  u_vgac/row_addr_reg[7]/Q
                         net (fo=67, routed)          1.479    -0.947    u_vgac/row_addr_reg[8]_0[7]
    SLICE_X6Y48          LUT2 (Prop_lut2_I1_O)        0.047    -0.900 r  u_vgac/g[3]_i_732/O
                         net (fo=1, routed)           0.675    -0.225    u_vgac/g[3]_i_732_n_0
    SLICE_X5Y39          LUT6 (Prop_lut6_I5_O)        0.134    -0.091 r  u_vgac/g[3]_i_703/O
                         net (fo=5, routed)           0.447     0.356    u_vgac/g[3]_i_703_n_0
    SLICE_X7Y39          LUT5 (Prop_lut5_I0_O)        0.051     0.407 r  u_vgac/g[3]_i_730/O
                         net (fo=1, routed)           0.457     0.864    u_game_logic/g[3]_i_708_1
    SLICE_X9Y38          LUT4 (Prop_lut4_I0_O)        0.148     1.012 r  u_game_logic/g[3]_i_698/O
                         net (fo=2, routed)           0.448     1.460    u_game_logic/g[3]_i_698_n_0
    SLICE_X8Y37          LUT6 (Prop_lut6_I0_O)        0.137     1.597 r  u_game_logic/g[3]_i_522/O
                         net (fo=25, routed)          0.497     2.094    u_game_logic/g[3]_i_522_n_0
    SLICE_X8Y36          LUT2 (Prop_lut2_I1_O)        0.051     2.145 f  u_game_logic/g[3]_i_526/O
                         net (fo=7, routed)           0.466     2.610    u_game_logic/score_right_reg[3]_2
    SLICE_X8Y35          LUT4 (Prop_lut4_I1_O)        0.134     2.744 r  u_game_logic/g[3]_i_517/O
                         net (fo=2, routed)           0.492     3.237    u_vgac/g[3]_i_264_1
    SLICE_X7Y36          LUT6 (Prop_lut6_I2_O)        0.043     3.280 r  u_vgac/g[3]_i_529/O
                         net (fo=1, routed)           0.369     3.648    u_vgac/g[3]_i_529_n_0
    SLICE_X9Y36          LUT6 (Prop_lut6_I3_O)        0.043     3.691 r  u_vgac/g[3]_i_264/O
                         net (fo=1, routed)           0.359     4.051    u_vgac/g[3]_i_264_n_0
    SLICE_X7Y35          LUT6 (Prop_lut6_I5_O)        0.043     4.094 r  u_vgac/g[3]_i_80/O
                         net (fo=1, routed)           0.316     4.410    u_vgac/g[3]_i_80_n_0
    SLICE_X5Y37          LUT6 (Prop_lut6_I0_O)        0.043     4.453 f  u_vgac/g[3]_i_23/O
                         net (fo=1, routed)           0.361     4.814    u_vgac/g[3]_i_23_n_0
    SLICE_X4Y40          LUT6 (Prop_lut6_I0_O)        0.043     4.857 f  u_vgac/g[3]_i_6/O
                         net (fo=6, routed)           0.696     5.553    u_vgac/g[3]_i_6_n_0
    SLICE_X1Y48          LUT3 (Prop_lut3_I2_O)        0.054     5.607 r  u_vgac/r[2]_i_1/O
                         net (fo=2, routed)           0.274     5.881    u_vgac/r[2]_i_1_n_0
    SLICE_X0Y48          FDRE                                         r  u_vgac/r_reg[2]_lopt_replica/D
  -------------------------------------------------------------------    -------------------

                         (clock clk_out1_clk_wiz_0 rise edge)
                                                     39.724    39.724 r  
    AC18                 IBUF                         0.000    39.724 r  clk_IBUF_inst/O
                         net (fo=3, routed)           0.986    40.710    u_clk_wiz/u_clk_wiz_0/inst/clk_in1
    MMCME2_ADV_X1Y0      MMCME2_ADV (Prop_mmcme2_adv_CLKIN1_CLKOUT0)
                                                     -6.599    34.111 r  u_clk_wiz/u_clk_wiz_0/inst/mmcm_adv_inst/CLKOUT0
                         net (fo=1, routed)           1.991    36.102    u_clk_wiz/u_clk_wiz_0/inst/clk_out1_clk_wiz_0
    BUFGCTRL_X0Y0        BUFG (Prop_bufg_I_O)         0.083    36.185 r  u_clk_wiz/u_clk_wiz_0/inst/clkout1_buf/O
                         net (fo=548, routed)         1.547    37.732    u_vgac/clk_out1
    SLICE_X0Y48          FDRE                                         r  u_vgac/r_reg[2]_lopt_replica/C
                         clock pessimism             -0.678    37.054    
                         clock uncertainty           -0.086    36.967    
    SLICE_X0Y48          FDRE (Setup_fdre_C_D)       -0.104    36.863    u_vgac/r_reg[2]_lopt_replica
  -------------------------------------------------------------------
                         required time                         36.863    
                         arrival time                          -5.881    
  -------------------------------------------------------------------
                         slack                                 30.982    





Min Delay Paths
--------------------------------------------------------------------------------------
Slack (MET) :             0.097ns  (arrival time - required time)
  Source:                 u_keypad/col_sync_reg[0]/C
                            (rising edge-triggered cell FDRE clocked by clk_out1_clk_wiz_0  {rise@0.000ns fall@19.862ns period=39.724ns})
  Destination:            u_keypad/db_cnt_start_reg[2]/D
                            (rising edge-triggered cell FDCE clocked by clk_out1_clk_wiz_0  {rise@0.000ns fall@19.862ns period=39.724ns})
  Path Group:             clk_out1_clk_wiz_0
  Path Type:              Hold (Min at Fast Process Corner)
  Requirement:            0.000ns  (clk_out1_clk_wiz_0 rise@0.000ns - clk_out1_clk_wiz_0 rise@0.000ns)
  Data Path Delay:        0.311ns  (logic 0.130ns (41.850%)  route 0.181ns (58.150%))
  Logic Levels:           1  (LUT4=1)
  Clock Path Skew:        0.139ns (DCD - SCD - CPR)
    Destination Clock Delay (DCD):    -1.009ns
    Source Clock Delay      (SCD):    -0.849ns
    Clock Pessimism Removal (CPR):    -0.299ns

    Location             Delay type                Incr(ns)  Path(ns)    Netlist Resource(s)
  -------------------------------------------------------------------    -------------------
                         (clock clk_out1_clk_wiz_0 rise edge)
                                                      0.000     0.000 r  
    AC18                 IBUF                         0.000     0.000 r  clk_IBUF_inst/O
                         net (fo=3, routed)           0.503     0.503    u_clk_wiz/u_clk_wiz_0/inst/clk_in1
    MMCME2_ADV_X1Y0      MMCME2_ADV (Prop_mmcme2_adv_CLKIN1_CLKOUT0)
                                                     -2.994    -2.491 r  u_clk_wiz/u_clk_wiz_0/inst/mmcm_adv_inst/CLKOUT0
                         net (fo=1, routed)           0.931    -1.560    u_clk_wiz/u_clk_wiz_0/inst/clk_out1_clk_wiz_0
    BUFGCTRL_X0Y0        BUFG (Prop_bufg_I_O)         0.026    -1.534 r  u_clk_wiz/u_clk_wiz_0/inst/clkout1_buf/O
                         net (fo=548, routed)         0.685    -0.849    u_keypad/clk_out1
    SLICE_X23Y47         FDRE                                         r  u_keypad/col_sync_reg[0]/C
  -------------------------------------------------------------------    -------------------
    SLICE_X23Y47         FDRE (Prop_fdre_C_Q)         0.100    -0.749 r  u_keypad/col_sync_reg[0]/Q
                         net (fo=10, routed)          0.181    -0.568    u_keypad/col_sync_reg_n_0_[0]
    SLICE_X23Y50         LUT4 (Prop_lut4_I1_O)        0.030    -0.538 r  u_keypad/db_cnt_start[2]_i_1/O
                         net (fo=1, routed)           0.000    -0.538    u_keypad/db_cnt_start[2]_i_1_n_0
    SLICE_X23Y50         FDCE                                         r  u_keypad/db_cnt_start_reg[2]/D
  -------------------------------------------------------------------    -------------------

                         (clock clk_out1_clk_wiz_0 rise edge)
                                                      0.000     0.000 r  
    AC18                 IBUF                         0.000     0.000 r  clk_IBUF_inst/O
                         net (fo=3, routed)           0.553     0.553    u_clk_wiz/u_clk_wiz_0/inst/clk_in1
    MMCME2_ADV_X1Y0      MMCME2_ADV (Prop_mmcme2_adv_CLKIN1_CLKOUT0)
                                                     -3.440    -2.887 r  u_clk_wiz/u_clk_wiz_0/inst/mmcm_adv_inst/CLKOUT0
                         net (fo=1, routed)           0.996    -1.891    u_clk_wiz/u_clk_wiz_0/inst/clk_out1_clk_wiz_0
    BUFGCTRL_X0Y0        BUFG (Prop_bufg_I_O)         0.030    -1.861 r  u_clk_wiz/u_clk_wiz_0/inst/clkout1_buf/O
                         net (fo=548, routed)         0.852    -1.009    u_keypad/clk_out1
    SLICE_X23Y50         FDCE                                         r  u_keypad/db_cnt_start_reg[2]/C
                         clock pessimism              0.299    -0.710    
    SLICE_X23Y50         FDCE (Hold_fdce_C_D)         0.075    -0.635    u_keypad/db_cnt_start_reg[2]
  -------------------------------------------------------------------
                         required time                          0.635    
                         arrival time                          -0.538    
  -------------------------------------------------------------------
                         slack                                  0.097    

Slack (MET) :             0.110ns  (arrival time - required time)
  Source:                 u_keypad/col_sync_reg[0]/C
                            (rising edge-triggered cell FDRE clocked by clk_out1_clk_wiz_0  {rise@0.000ns fall@19.862ns period=39.724ns})
  Destination:            u_keypad/db_cnt_start_reg[1]/D
                            (rising edge-triggered cell FDCE clocked by clk_out1_clk_wiz_0  {rise@0.000ns fall@19.862ns period=39.724ns})
  Path Group:             clk_out1_clk_wiz_0
  Path Type:              Hold (Min at Fast Process Corner)
  Requirement:            0.000ns  (clk_out1_clk_wiz_0 rise@0.000ns - clk_out1_clk_wiz_0 rise@0.000ns)
  Data Path Delay:        0.309ns  (logic 0.128ns (41.473%)  route 0.181ns (58.527%))
  Logic Levels:           1  (LUT3=1)
  Clock Path Skew:        0.139ns (DCD - SCD - CPR)
    Destination Clock Delay (DCD):    -1.009ns
    Source Clock Delay      (SCD):    -0.849ns
    Clock Pessimism Removal (CPR):    -0.299ns

    Location             Delay type                Incr(ns)  Path(ns)    Netlist Resource(s)
  -------------------------------------------------------------------    -------------------
                         (clock clk_out1_clk_wiz_0 rise edge)
                                                      0.000     0.000 r  
    AC18                 IBUF                         0.000     0.000 r  clk_IBUF_inst/O
                         net (fo=3, routed)           0.503     0.503    u_clk_wiz/u_clk_wiz_0/inst/clk_in1
    MMCME2_ADV_X1Y0      MMCME2_ADV (Prop_mmcme2_adv_CLKIN1_CLKOUT0)
                                                     -2.994    -2.491 r  u_clk_wiz/u_clk_wiz_0/inst/mmcm_adv_inst/CLKOUT0
                         net (fo=1, routed)           0.931    -1.560    u_clk_wiz/u_clk_wiz_0/inst/clk_out1_clk_wiz_0
    BUFGCTRL_X0Y0        BUFG (Prop_bufg_I_O)         0.026    -1.534 r  u_clk_wiz/u_clk_wiz_0/inst/clkout1_buf/O
                         net (fo=548, routed)         0.685    -0.849    u_keypad/clk_out1
    SLICE_X23Y47         FDRE                                         r  u_keypad/col_sync_reg[0]/C
  -------------------------------------------------------------------    -------------------
    SLICE_X23Y47         FDRE (Prop_fdre_C_Q)         0.100    -0.749 r  u_keypad/col_sync_reg[0]/Q
                         net (fo=10, routed)          0.181    -0.568    u_keypad/col_sync_reg_n_0_[0]
    SLICE_X23Y50         LUT3 (Prop_lut3_I2_O)        0.028    -0.540 r  u_keypad/db_cnt_start[1]_i_1/O
                         net (fo=1, routed)           0.000    -0.540    u_keypad/db_cnt_start[1]_i_1_n_0
    SLICE_X23Y50         FDCE                                         r  u_keypad/db_cnt_start_reg[1]/D
  -------------------------------------------------------------------    -------------------

                         (clock clk_out1_clk_wiz_0 rise edge)
                                                      0.000     0.000 r  
    AC18                 IBUF                         0.000     0.000 r  clk_IBUF_inst/O
                         net (fo=3, routed)           0.553     0.553    u_clk_wiz/u_clk_wiz_0/inst/clk_in1
    MMCME2_ADV_X1Y0      MMCME2_ADV (Prop_mmcme2_adv_CLKIN1_CLKOUT0)
                                                     -3.440    -2.887 r  u_clk_wiz/u_clk_wiz_0/inst/mmcm_adv_inst/CLKOUT0
                         net (fo=1, routed)           0.996    -1.891    u_clk_wiz/u_clk_wiz_0/inst/clk_out1_clk_wiz_0
    BUFGCTRL_X0Y0        BUFG (Prop_bufg_I_O)         0.030    -1.861 r  u_clk_wiz/u_clk_wiz_0/inst/clkout1_buf/O
                         net (fo=548, routed)         0.852    -1.009    u_keypad/clk_out1
    SLICE_X23Y50         FDCE                                         r  u_keypad/db_cnt_start_reg[1]/C
                         clock pessimism              0.299    -0.710    
    SLICE_X23Y50         FDCE (Hold_fdce_C_D)         0.060    -0.650    u_keypad/db_cnt_start_reg[1]
  -------------------------------------------------------------------
                         required time                          0.650    
                         arrival time                          -0.540    
  -------------------------------------------------------------------
                         slack                                  0.110    

Slack (MET) :             0.112ns  (arrival time - required time)
  Source:                 u_keypad/current_row_reg[1]/C
                            (rising edge-triggered cell FDCE clocked by clk_out1_clk_wiz_0  {rise@0.000ns fall@19.862ns period=39.724ns})
  Destination:            u_keypad/key_row_reg[4]/D
                            (rising edge-triggered cell FDPE clocked by clk_out1_clk_wiz_0  {rise@0.000ns fall@19.862ns period=39.724ns})
  Path Group:             clk_out1_clk_wiz_0
  Path Type:              Hold (Min at Fast Process Corner)
  Requirement:            0.000ns  (clk_out1_clk_wiz_0 rise@0.000ns - clk_out1_clk_wiz_0 rise@0.000ns)
  Data Path Delay:        0.450ns  (logic 0.160ns (35.533%)  route 0.290ns (64.467%))
  Logic Levels:           1  (LUT3=1)
  Clock Path Skew:        0.263ns (DCD - SCD - CPR)
    Destination Clock Delay (DCD):    -0.963ns
    Source Clock Delay      (SCD):    -0.927ns
    Clock Pessimism Removal (CPR):    -0.299ns

    Location             Delay type                Incr(ns)  Path(ns)    Netlist Resource(s)
  -------------------------------------------------------------------    -------------------
                         (clock clk_out1_clk_wiz_0 rise edge)
                                                      0.000     0.000 r  
    AC18                 IBUF                         0.000     0.000 r  clk_IBUF_inst/O
                         net (fo=3, routed)           0.503     0.503    u_clk_wiz/u_clk_wiz_0/inst/clk_in1
    MMCME2_ADV_X1Y0      MMCME2_ADV (Prop_mmcme2_adv_CLKIN1_CLKOUT0)
                                                     -2.994    -2.491 r  u_clk_wiz/u_clk_wiz_0/inst/mmcm_adv_inst/CLKOUT0
                         net (fo=1, routed)           0.931    -1.560    u_clk_wiz/u_clk_wiz_0/inst/clk_out1_clk_wiz_0
    BUFGCTRL_X0Y0        BUFG (Prop_bufg_I_O)         0.026    -1.534 r  u_clk_wiz/u_clk_wiz_0/inst/clkout1_buf/O
                         net (fo=548, routed)         0.607    -0.927    u_keypad/clk_out1
    SLICE_X24Y50         FDCE                                         r  u_keypad/current_row_reg[1]/C
  -------------------------------------------------------------------    -------------------
    SLICE_X24Y50         FDCE (Prop_fdce_C_Q)         0.091    -0.836 r  u_keypad/current_row_reg[1]/Q
                         net (fo=11, routed)          0.290    -0.546    u_keypad/current_row[1]
    SLICE_X25Y48         LUT3 (Prop_lut3_I0_O)        0.069    -0.477 r  u_keypad/key_row[4]_i_2/O
                         net (fo=1, routed)           0.000    -0.477    u_keypad/key_row[4]_i_2_n_0
    SLICE_X25Y48         FDPE                                         r  u_keypad/key_row_reg[4]/D
  -------------------------------------------------------------------    -------------------

                         (clock clk_out1_clk_wiz_0 rise edge)
                                                      0.000     0.000 r  
    AC18                 IBUF                         0.000     0.000 r  clk_IBUF_inst/O
                         net (fo=3, routed)           0.553     0.553    u_clk_wiz/u_clk_wiz_0/inst/clk_in1
    MMCME2_ADV_X1Y0      MMCME2_ADV (Prop_mmcme2_adv_CLKIN1_CLKOUT0)
                                                     -3.440    -2.887 r  u_clk_wiz/u_clk_wiz_0/inst/mmcm_adv_inst/CLKOUT0
                         net (fo=1, routed)           0.996    -1.891    u_clk_wiz/u_clk_wiz_0/inst/clk_out1_clk_wiz_0
    BUFGCTRL_X0Y0        BUFG (Prop_bufg_I_O)         0.030    -1.861 r  u_clk_wiz/u_clk_wiz_0/inst/clkout1_buf/O
                         net (fo=548, routed)         0.898    -0.963    u_keypad/clk_out1
    SLICE_X25Y48         FDPE                                         r  u_keypad/key_row_reg[4]/C
                         clock pessimism              0.299    -0.664    
    SLICE_X25Y48         FDPE (Hold_fdpe_C_D)         0.075    -0.589    u_keypad/key_row_reg[4]
  -------------------------------------------------------------------
                         required time                          0.589    
                         arrival time                          -0.477    
  -------------------------------------------------------------------
                         slack                                  0.112    

Slack (MET) :             0.114ns  (arrival time - required time)
  Source:                 u_keypad/current_row_reg[1]/C
                            (rising edge-triggered cell FDCE clocked by clk_out1_clk_wiz_0  {rise@0.000ns fall@19.862ns period=39.724ns})
  Destination:            u_keypad/key_row_reg[2]/D
                            (rising edge-triggered cell FDPE clocked by clk_out1_clk_wiz_0  {rise@0.000ns fall@19.862ns period=39.724ns})
  Path Group:             clk_out1_clk_wiz_0
  Path Type:              Hold (Min at Fast Process Corner)
  Requirement:            0.000ns  (clk_out1_clk_wiz_0 rise@0.000ns - clk_out1_clk_wiz_0 rise@0.000ns)
  Data Path Delay:        0.452ns  (logic 0.162ns (35.818%)  route 0.290ns (64.182%))
  Logic Levels:           1  (LUT3=1)
  Clock Path Skew:        0.263ns (DCD - SCD - CPR)
    Destination Clock Delay (DCD):    -0.963ns
    Source Clock Delay      (SCD):    -0.927ns
    Clock Pessimism Removal (CPR):    -0.299ns

    Location             Delay type                Incr(ns)  Path(ns)    Netlist Resource(s)
  -------------------------------------------------------------------    -------------------
                         (clock clk_out1_clk_wiz_0 rise edge)
                                                      0.000     0.000 r  
    AC18                 IBUF                         0.000     0.000 r  clk_IBUF_inst/O
                         net (fo=3, routed)           0.503     0.503    u_clk_wiz/u_clk_wiz_0/inst/clk_in1
    MMCME2_ADV_X1Y0      MMCME2_ADV (Prop_mmcme2_adv_CLKIN1_CLKOUT0)
                                                     -2.994    -2.491 r  u_clk_wiz/u_clk_wiz_0/inst/mmcm_adv_inst/CLKOUT0
                         net (fo=1, routed)           0.931    -1.560    u_clk_wiz/u_clk_wiz_0/inst/clk_out1_clk_wiz_0
    BUFGCTRL_X0Y0        BUFG (Prop_bufg_I_O)         0.026    -1.534 r  u_clk_wiz/u_clk_wiz_0/inst/clkout1_buf/O
                         net (fo=548, routed)         0.607    -0.927    u_keypad/clk_out1
    SLICE_X24Y50         FDCE                                         r  u_keypad/current_row_reg[1]/C
  -------------------------------------------------------------------    -------------------
    SLICE_X24Y50         FDCE (Prop_fdce_C_Q)         0.091    -0.836 f  u_keypad/current_row_reg[1]/Q
                         net (fo=11, routed)          0.290    -0.546    u_keypad/current_row[1]
    SLICE_X25Y48         LUT3 (Prop_lut3_I1_O)        0.071    -0.475 r  u_keypad/key_row[2]_i_1/O
                         net (fo=1, routed)           0.000    -0.475    u_keypad/key_row[2]_i_1_n_0
    SLICE_X25Y48         FDPE                                         r  u_keypad/key_row_reg[2]/D
  -------------------------------------------------------------------    -------------------

                         (clock clk_out1_clk_wiz_0 rise edge)
                                                      0.000     0.000 r  
    AC18                 IBUF                         0.000     0.000 r  clk_IBUF_inst/O
                         net (fo=3, routed)           0.553     0.553    u_clk_wiz/u_clk_wiz_0/inst/clk_in1
    MMCME2_ADV_X1Y0      MMCME2_ADV (Prop_mmcme2_adv_CLKIN1_CLKOUT0)
                                                     -3.440    -2.887 r  u_clk_wiz/u_clk_wiz_0/inst/mmcm_adv_inst/CLKOUT0
                         net (fo=1, routed)           0.996    -1.891    u_clk_wiz/u_clk_wiz_0/inst/clk_out1_clk_wiz_0
    BUFGCTRL_X0Y0        BUFG (Prop_bufg_I_O)         0.030    -1.861 r  u_clk_wiz/u_clk_wiz_0/inst/clkout1_buf/O
                         net (fo=548, routed)         0.898    -0.963    u_keypad/clk_out1
    SLICE_X25Y48         FDPE                                         r  u_keypad/key_row_reg[2]/C
                         clock pessimism              0.299    -0.664    
    SLICE_X25Y48         FDPE (Hold_fdpe_C_D)         0.075    -0.589    u_keypad/key_row_reg[2]
  -------------------------------------------------------------------
                         required time                          0.589    
                         arrival time                          -0.475    
  -------------------------------------------------------------------
                         slack                                  0.114    

Slack (MET) :             0.119ns  (arrival time - required time)
  Source:                 u_ps2/FSM_sequential_bit_cnt_reg[2]/C
                            (rising edge-triggered cell FDCE clocked by clk_out1_clk_wiz_0  {rise@0.000ns fall@19.862ns period=39.724ns})
  Destination:            u_ps2/shift_reg_reg[6]/D
                            (rising edge-triggered cell FDCE clocked by clk_out1_clk_wiz_0  {rise@0.000ns fall@19.862ns period=39.724ns})
  Path Group:             clk_out1_clk_wiz_0
  Path Type:              Hold (Min at Fast Process Corner)
  Requirement:            0.000ns  (clk_out1_clk_wiz_0 rise@0.000ns - clk_out1_clk_wiz_0 rise@0.000ns)
  Data Path Delay:        0.217ns  (logic 0.128ns (58.947%)  route 0.089ns (41.053%))
  Logic Levels:           1  (LUT6=1)
  Clock Path Skew:        0.011ns (DCD - SCD - CPR)
    Destination Clock Delay (DCD):    -0.977ns
    Source Clock Delay      (SCD):    -0.870ns
    Clock Pessimism Removal (CPR):    -0.118ns

    Location             Delay type                Incr(ns)  Path(ns)    Netlist Resource(s)
  -------------------------------------------------------------------    -------------------
                         (clock clk_out1_clk_wiz_0 rise edge)
                                                      0.000     0.000 r  
    AC18                 IBUF                         0.000     0.000 r  clk_IBUF_inst/O
                         net (fo=3, routed)           0.503     0.503    u_clk_wiz/u_clk_wiz_0/inst/clk_in1
    MMCME2_ADV_X1Y0      MMCME2_ADV (Prop_mmcme2_adv_CLKIN1_CLKOUT0)
                                                     -2.994    -2.491 r  u_clk_wiz/u_clk_wiz_0/inst/mmcm_adv_inst/CLKOUT0
                         net (fo=1, routed)           0.931    -1.560    u_clk_wiz/u_clk_wiz_0/inst/clk_out1_clk_wiz_0
    BUFGCTRL_X0Y0        BUFG (Prop_bufg_I_O)         0.026    -1.534 r  u_clk_wiz/u_clk_wiz_0/inst/clkout1_buf/O
                         net (fo=548, routed)         0.664    -0.870    u_ps2/clk_out1
    SLICE_X3Y57          FDCE                                         r  u_ps2/FSM_sequential_bit_cnt_reg[2]/C
  -------------------------------------------------------------------    -------------------
    SLICE_X3Y57          FDCE (Prop_fdce_C_Q)         0.100    -0.770 r  u_ps2/FSM_sequential_bit_cnt_reg[2]/Q
                         net (fo=17, routed)          0.089    -0.681    u_ps2/bit_cnt[2]
    SLICE_X2Y57          LUT6 (Prop_lut6_I2_O)        0.028    -0.653 r  u_ps2/shift_reg[6]_i_1/O
                         net (fo=1, routed)           0.000    -0.653    u_ps2/shift_reg[6]_i_1_n_0
    SLICE_X2Y57          FDCE                                         r  u_ps2/shift_reg_reg[6]/D
  -------------------------------------------------------------------    -------------------

                         (clock clk_out1_clk_wiz_0 rise edge)
                                                      0.000     0.000 r  
    AC18                 IBUF                         0.000     0.000 r  clk_IBUF_inst/O
                         net (fo=3, routed)           0.553     0.553    u_clk_wiz/u_clk_wiz_0/inst/clk_in1
    MMCME2_ADV_X1Y0      MMCME2_ADV (Prop_mmcme2_adv_CLKIN1_CLKOUT0)
                                                     -3.440    -2.887 r  u_clk_wiz/u_clk_wiz_0/inst/mmcm_adv_inst/CLKOUT0
                         net (fo=1, routed)           0.996    -1.891    u_clk_wiz/u_clk_wiz_0/inst/clk_out1_clk_wiz_0
    BUFGCTRL_X0Y0        BUFG (Prop_bufg_I_O)         0.030    -1.861 r  u_clk_wiz/u_clk_wiz_0/inst/clkout1_buf/O
                         net (fo=548, routed)         0.884    -0.977    u_ps2/clk_out1
    SLICE_X2Y57          FDCE                                         r  u_ps2/shift_reg_reg[6]/C
                         clock pessimism              0.118    -0.859    
    SLICE_X2Y57          FDCE (Hold_fdce_C_D)         0.087    -0.772    u_ps2/shift_reg_reg[6]
  -------------------------------------------------------------------
                         required time                          0.772    
                         arrival time                          -0.653    
  -------------------------------------------------------------------
                         slack                                  0.119    

Slack (MET) :             0.122ns  (arrival time - required time)
  Source:                 u_powerup/rand_cnt_reg[7]/C
                            (rising edge-triggered cell FDCE clocked by clk_out1_clk_wiz_0  {rise@0.000ns fall@19.862ns period=39.724ns})
  Destination:            u_powerup/powerup_y_reg[8]/D
                            (rising edge-triggered cell FDCE clocked by clk_out1_clk_wiz_0  {rise@0.000ns fall@19.862ns period=39.724ns})
  Path Group:             clk_out1_clk_wiz_0
  Path Type:              Hold (Min at Fast Process Corner)
  Requirement:            0.000ns  (clk_out1_clk_wiz_0 rise@0.000ns - clk_out1_clk_wiz_0 rise@0.000ns)
  Data Path Delay:        0.229ns  (logic 0.129ns (56.415%)  route 0.100ns (43.585%))
  Logic Levels:           1  (LUT5=1)
  Clock Path Skew:        0.011ns (DCD - SCD - CPR)
    Destination Clock Delay (DCD):    -0.937ns
    Source Clock Delay      (SCD):    -0.850ns
    Clock Pessimism Removal (CPR):    -0.098ns

    Location             Delay type                Incr(ns)  Path(ns)    Netlist Resource(s)
  -------------------------------------------------------------------    -------------------
                         (clock clk_out1_clk_wiz_0 rise edge)
                                                      0.000     0.000 r  
    AC18                 IBUF                         0.000     0.000 r  clk_IBUF_inst/O
                         net (fo=3, routed)           0.503     0.503    u_clk_wiz/u_clk_wiz_0/inst/clk_in1
    MMCME2_ADV_X1Y0      MMCME2_ADV (Prop_mmcme2_adv_CLKIN1_CLKOUT0)
                                                     -2.994    -2.491 r  u_clk_wiz/u_clk_wiz_0/inst/mmcm_adv_inst/CLKOUT0
                         net (fo=1, routed)           0.931    -1.560    u_clk_wiz/u_clk_wiz_0/inst/clk_out1_clk_wiz_0
    BUFGCTRL_X0Y0        BUFG (Prop_bufg_I_O)         0.026    -1.534 r  u_clk_wiz/u_clk_wiz_0/inst/clkout1_buf/O
                         net (fo=548, routed)         0.684    -0.850    u_powerup/clk_out1
    SLICE_X19Y41         FDCE                                         r  u_powerup/rand_cnt_reg[7]/C
  -------------------------------------------------------------------    -------------------
    SLICE_X19Y41         FDCE (Prop_fdce_C_Q)         0.100    -0.750 r  u_powerup/rand_cnt_reg[7]/Q
                         net (fo=5, routed)           0.100    -0.650    u_powerup/rand_cnt_reg[7]
    SLICE_X18Y41         LUT5 (Prop_lut5_I1_O)        0.029    -0.621 r  u_powerup/powerup_y[8]_i_2/O
                         net (fo=1, routed)           0.000    -0.621    u_powerup/powerup_y0[8]
    SLICE_X18Y41         FDCE                                         r  u_powerup/powerup_y_reg[8]/D
  -------------------------------------------------------------------    -------------------

                         (clock clk_out1_clk_wiz_0 rise edge)
                                                      0.000     0.000 r  
    AC18                 IBUF                         0.000     0.000 r  clk_IBUF_inst/O
                         net (fo=3, routed)           0.553     0.553    u_clk_wiz/u_clk_wiz_0/inst/clk_in1
    MMCME2_ADV_X1Y0      MMCME2_ADV (Prop_mmcme2_adv_CLKIN1_CLKOUT0)
                                                     -3.440    -2.887 r  u_clk_wiz/u_clk_wiz_0/inst/mmcm_adv_inst/CLKOUT0
                         net (fo=1, routed)           0.996    -1.891    u_clk_wiz/u_clk_wiz_0/inst/clk_out1_clk_wiz_0
    BUFGCTRL_X0Y0        BUFG (Prop_bufg_I_O)         0.030    -1.861 r  u_clk_wiz/u_clk_wiz_0/inst/clkout1_buf/O
                         net (fo=548, routed)         0.924    -0.937    u_powerup/clk_out1
    SLICE_X18Y41         FDCE                                         r  u_powerup/powerup_y_reg[8]/C
                         clock pessimism              0.098    -0.839    
    SLICE_X18Y41         FDCE (Hold_fdce_C_D)         0.096    -0.743    u_powerup/powerup_y_reg[8]
  -------------------------------------------------------------------
                         required time                          0.743    
                         arrival time                          -0.621    
  -------------------------------------------------------------------
                         slack                                  0.122    

Slack (MET) :             0.124ns  (arrival time - required time)
  Source:                 u_keypad/current_row_reg[1]/C
                            (rising edge-triggered cell FDCE clocked by clk_out1_clk_wiz_0  {rise@0.000ns fall@19.862ns period=39.724ns})
  Destination:            u_keypad/key_row_reg[0]/D
                            (rising edge-triggered cell FDPE clocked by clk_out1_clk_wiz_0  {rise@0.000ns fall@19.862ns period=39.724ns})
  Path Group:             clk_out1_clk_wiz_0
  Path Type:              Hold (Min at Fast Process Corner)
  Requirement:            0.000ns  (clk_out1_clk_wiz_0 rise@0.000ns - clk_out1_clk_wiz_0 rise@0.000ns)
  Data Path Delay:        0.447ns  (logic 0.157ns (35.101%)  route 0.290ns (64.899%))
  Logic Levels:           1  (LUT3=1)
  Clock Path Skew:        0.263ns (DCD - SCD - CPR)
    Destination Clock Delay (DCD):    -0.963ns
    Source Clock Delay      (SCD):    -0.927ns
    Clock Pessimism Removal (CPR):    -0.299ns

    Location             Delay type                Incr(ns)  Path(ns)    Netlist Resource(s)
  -------------------------------------------------------------------    -------------------
                         (clock clk_out1_clk_wiz_0 rise edge)
                                                      0.000     0.000 r  
    AC18                 IBUF                         0.000     0.000 r  clk_IBUF_inst/O
                         net (fo=3, routed)           0.503     0.503    u_clk_wiz/u_clk_wiz_0/inst/clk_in1
    MMCME2_ADV_X1Y0      MMCME2_ADV (Prop_mmcme2_adv_CLKIN1_CLKOUT0)
                                                     -2.994    -2.491 r  u_clk_wiz/u_clk_wiz_0/inst/mmcm_adv_inst/CLKOUT0
                         net (fo=1, routed)           0.931    -1.560    u_clk_wiz/u_clk_wiz_0/inst/clk_out1_clk_wiz_0
    BUFGCTRL_X0Y0        BUFG (Prop_bufg_I_O)         0.026    -1.534 r  u_clk_wiz/u_clk_wiz_0/inst/clkout1_buf/O
                         net (fo=548, routed)         0.607    -0.927    u_keypad/clk_out1
    SLICE_X24Y50         FDCE                                         r  u_keypad/current_row_reg[1]/C
  -------------------------------------------------------------------    -------------------
    SLICE_X24Y50         FDCE (Prop_fdce_C_Q)         0.091    -0.836 r  u_keypad/current_row_reg[1]/Q
                         net (fo=11, routed)          0.290    -0.546    u_keypad/current_row[1]
    SLICE_X25Y48         LUT3 (Prop_lut3_I2_O)        0.066    -0.480 r  u_keypad/key_row[0]_i_1/O
                         net (fo=1, routed)           0.000    -0.480    u_keypad/key_row[0]_i_1_n_0
    SLICE_X25Y48         FDPE                                         r  u_keypad/key_row_reg[0]/D
  -------------------------------------------------------------------    -------------------

                         (clock clk_out1_clk_wiz_0 rise edge)
                                                      0.000     0.000 r  
    AC18                 IBUF                         0.000     0.000 r  clk_IBUF_inst/O
                         net (fo=3, routed)           0.553     0.553    u_clk_wiz/u_clk_wiz_0/inst/clk_in1
    MMCME2_ADV_X1Y0      MMCME2_ADV (Prop_mmcme2_adv_CLKIN1_CLKOUT0)
                                                     -3.440    -2.887 r  u_clk_wiz/u_clk_wiz_0/inst/mmcm_adv_inst/CLKOUT0
                         net (fo=1, routed)           0.996    -1.891    u_clk_wiz/u_clk_wiz_0/inst/clk_out1_clk_wiz_0
    BUFGCTRL_X0Y0        BUFG (Prop_bufg_I_O)         0.030    -1.861 r  u_clk_wiz/u_clk_wiz_0/inst/clkout1_buf/O
                         net (fo=548, routed)         0.898    -0.963    u_keypad/clk_out1
    SLICE_X25Y48         FDPE                                         r  u_keypad/key_row_reg[0]/C
                         clock pessimism              0.299    -0.664    
    SLICE_X25Y48         FDPE (Hold_fdpe_C_D)         0.060    -0.604    u_keypad/key_row_reg[0]
  -------------------------------------------------------------------
                         required time                          0.604    
                         arrival time                          -0.480    
  -------------------------------------------------------------------
                         slack                                  0.124    

Slack (MET) :             0.124ns  (arrival time - required time)
  Source:                 u_keypad/current_row_reg[1]/C
                            (rising edge-triggered cell FDCE clocked by clk_out1_clk_wiz_0  {rise@0.000ns fall@19.862ns period=39.724ns})
  Destination:            u_keypad/key_row_reg[1]/D
                            (rising edge-triggered cell FDPE clocked by clk_out1_clk_wiz_0  {rise@0.000ns fall@19.862ns period=39.724ns})
  Path Group:             clk_out1_clk_wiz_0
  Path Type:              Hold (Min at Fast Process Corner)
  Requirement:            0.000ns  (clk_out1_clk_wiz_0 rise@0.000ns - clk_out1_clk_wiz_0 rise@0.000ns)
  Data Path Delay:        0.447ns  (logic 0.157ns (35.101%)  route 0.290ns (64.899%))
  Logic Levels:           1  (LUT3=1)
  Clock Path Skew:        0.263ns (DCD - SCD - CPR)
    Destination Clock Delay (DCD):    -0.963ns
    Source Clock Delay      (SCD):    -0.927ns
    Clock Pessimism Removal (CPR):    -0.299ns

    Location             Delay type                Incr(ns)  Path(ns)    Netlist Resource(s)
  -------------------------------------------------------------------    -------------------
                         (clock clk_out1_clk_wiz_0 rise edge)
                                                      0.000     0.000 r  
    AC18                 IBUF                         0.000     0.000 r  clk_IBUF_inst/O
                         net (fo=3, routed)           0.503     0.503    u_clk_wiz/u_clk_wiz_0/inst/clk_in1
    MMCME2_ADV_X1Y0      MMCME2_ADV (Prop_mmcme2_adv_CLKIN1_CLKOUT0)
                                                     -2.994    -2.491 r  u_clk_wiz/u_clk_wiz_0/inst/mmcm_adv_inst/CLKOUT0
                         net (fo=1, routed)           0.931    -1.560    u_clk_wiz/u_clk_wiz_0/inst/clk_out1_clk_wiz_0
    BUFGCTRL_X0Y0        BUFG (Prop_bufg_I_O)         0.026    -1.534 r  u_clk_wiz/u_clk_wiz_0/inst/clkout1_buf/O
                         net (fo=548, routed)         0.607    -0.927    u_keypad/clk_out1
    SLICE_X24Y50         FDCE                                         r  u_keypad/current_row_reg[1]/C
  -------------------------------------------------------------------    -------------------
    SLICE_X24Y50         FDCE (Prop_fdce_C_Q)         0.091    -0.836 r  u_keypad/current_row_reg[1]/Q
                         net (fo=11, routed)          0.290    -0.546    u_keypad/current_row[1]
    SLICE_X25Y48         LUT3 (Prop_lut3_I2_O)        0.066    -0.480 r  u_keypad/key_row[1]_i_1/O
                         net (fo=1, routed)           0.000    -0.480    u_keypad/key_row[1]_i_1_n_0
    SLICE_X25Y48         FDPE                                         r  u_keypad/key_row_reg[1]/D
  -------------------------------------------------------------------    -------------------

                         (clock clk_out1_clk_wiz_0 rise edge)
                                                      0.000     0.000 r  
    AC18                 IBUF                         0.000     0.000 r  clk_IBUF_inst/O
                         net (fo=3, routed)           0.553     0.553    u_clk_wiz/u_clk_wiz_0/inst/clk_in1
    MMCME2_ADV_X1Y0      MMCME2_ADV (Prop_mmcme2_adv_CLKIN1_CLKOUT0)
                                                     -3.440    -2.887 r  u_clk_wiz/u_clk_wiz_0/inst/mmcm_adv_inst/CLKOUT0
                         net (fo=1, routed)           0.996    -1.891    u_clk_wiz/u_clk_wiz_0/inst/clk_out1_clk_wiz_0
    BUFGCTRL_X0Y0        BUFG (Prop_bufg_I_O)         0.030    -1.861 r  u_clk_wiz/u_clk_wiz_0/inst/clkout1_buf/O
                         net (fo=548, routed)         0.898    -0.963    u_keypad/clk_out1
    SLICE_X25Y48         FDPE                                         r  u_keypad/key_row_reg[1]/C
                         clock pessimism              0.299    -0.664    
    SLICE_X25Y48         FDPE (Hold_fdpe_C_D)         0.060    -0.604    u_keypad/key_row_reg[1]
  -------------------------------------------------------------------
                         required time                          0.604    
                         arrival time                          -0.480    
  -------------------------------------------------------------------
                         slack                                  0.124    

Slack (MET) :             0.130ns  (arrival time - required time)
  Source:                 u_powerup/rand_cnt_reg[7]/C
                            (rising edge-triggered cell FDCE clocked by clk_out1_clk_wiz_0  {rise@0.000ns fall@19.862ns period=39.724ns})
  Destination:            u_powerup/powerup_y_reg[7]/D
                            (rising edge-triggered cell FDCE clocked by clk_out1_clk_wiz_0  {rise@0.000ns fall@19.862ns period=39.724ns})
  Path Group:             clk_out1_clk_wiz_0
  Path Type:              Hold (Min at Fast Process Corner)
  Requirement:            0.000ns  (clk_out1_clk_wiz_0 rise@0.000ns - clk_out1_clk_wiz_0 rise@0.000ns)
  Data Path Delay:        0.228ns  (logic 0.128ns (56.224%)  route 0.100ns (43.776%))
  Logic Levels:           1  (LUT5=1)
  Clock Path Skew:        0.011ns (DCD - SCD - CPR)
    Destination Clock Delay (DCD):    -0.937ns
    Source Clock Delay      (SCD):    -0.850ns
    Clock Pessimism Removal (CPR):    -0.098ns

    Location             Delay type                Incr(ns)  Path(ns)    Netlist Resource(s)
  -------------------------------------------------------------------    -------------------
                         (clock clk_out1_clk_wiz_0 rise edge)
                                                      0.000     0.000 r  
    AC18                 IBUF                         0.000     0.000 r  clk_IBUF_inst/O
                         net (fo=3, routed)           0.503     0.503    u_clk_wiz/u_clk_wiz_0/inst/clk_in1
    MMCME2_ADV_X1Y0      MMCME2_ADV (Prop_mmcme2_adv_CLKIN1_CLKOUT0)
                                                     -2.994    -2.491 r  u_clk_wiz/u_clk_wiz_0/inst/mmcm_adv_inst/CLKOUT0
                         net (fo=1, routed)           0.931    -1.560    u_clk_wiz/u_clk_wiz_0/inst/clk_out1_clk_wiz_0
    BUFGCTRL_X0Y0        BUFG (Prop_bufg_I_O)         0.026    -1.534 r  u_clk_wiz/u_clk_wiz_0/inst/clkout1_buf/O
                         net (fo=548, routed)         0.684    -0.850    u_powerup/clk_out1
    SLICE_X19Y41         FDCE                                         r  u_powerup/rand_cnt_reg[7]/C
  -------------------------------------------------------------------    -------------------
    SLICE_X19Y41         FDCE (Prop_fdce_C_Q)         0.100    -0.750 r  u_powerup/rand_cnt_reg[7]/Q
                         net (fo=5, routed)           0.100    -0.650    u_powerup/rand_cnt_reg[7]
    SLICE_X18Y41         LUT5 (Prop_lut5_I1_O)        0.028    -0.622 r  u_powerup/powerup_y[7]_i_1/O
                         net (fo=1, routed)           0.000    -0.622    u_powerup/powerup_y0[7]
    SLICE_X18Y41         FDCE                                         r  u_powerup/powerup_y_reg[7]/D
  -------------------------------------------------------------------    -------------------

                         (clock clk_out1_clk_wiz_0 rise edge)
                                                      0.000     0.000 r  
    AC18                 IBUF                         0.000     0.000 r  clk_IBUF_inst/O
                         net (fo=3, routed)           0.553     0.553    u_clk_wiz/u_clk_wiz_0/inst/clk_in1
    MMCME2_ADV_X1Y0      MMCME2_ADV (Prop_mmcme2_adv_CLKIN1_CLKOUT0)
                                                     -3.440    -2.887 r  u_clk_wiz/u_clk_wiz_0/inst/mmcm_adv_inst/CLKOUT0
                         net (fo=1, routed)           0.996    -1.891    u_clk_wiz/u_clk_wiz_0/inst/clk_out1_clk_wiz_0
    BUFGCTRL_X0Y0        BUFG (Prop_bufg_I_O)         0.030    -1.861 r  u_clk_wiz/u_clk_wiz_0/inst/clkout1_buf/O
                         net (fo=548, routed)         0.924    -0.937    u_powerup/clk_out1
    SLICE_X18Y41         FDCE                                         r  u_powerup/powerup_y_reg[7]/C
                         clock pessimism              0.098    -0.839    
    SLICE_X18Y41         FDCE (Hold_fdce_C_D)         0.087    -0.752    u_powerup/powerup_y_reg[7]
  -------------------------------------------------------------------
                         required time                          0.752    
                         arrival time                          -0.622    
  -------------------------------------------------------------------
                         slack                                  0.130    

Slack (MET) :             0.137ns  (arrival time - required time)
  Source:                 u_keypad/db_cnt_right_down_reg[0]/C
                            (rising edge-triggered cell FDCE clocked by clk_out1_clk_wiz_0  {rise@0.000ns fall@19.862ns period=39.724ns})
  Destination:            u_keypad/kp_right_down_reg/D
                            (rising edge-triggered cell FDCE clocked by clk_out1_clk_wiz_0  {rise@0.000ns fall@19.862ns period=39.724ns})
  Path Group:             clk_out1_clk_wiz_0
  Path Type:              Hold (Min at Fast Process Corner)
  Requirement:            0.000ns  (clk_out1_clk_wiz_0 rise@0.000ns - clk_out1_clk_wiz_0 rise@0.000ns)
  Data Path Delay:        0.235ns  (logic 0.128ns (54.424%)  route 0.107ns (45.576%))
  Logic Levels:           1  (LUT5=1)
  Clock Path Skew:        0.011ns (DCD - SCD - CPR)
    Destination Clock Delay (DCD):    -1.008ns
    Source Clock Delay      (SCD):    -0.901ns
    Clock Pessimism Removal (CPR):    -0.118ns

    Location             Delay type                Incr(ns)  Path(ns)    Netlist Resource(s)
  -------------------------------------------------------------------    -------------------
                         (clock clk_out1_clk_wiz_0 rise edge)
                                                      0.000     0.000 r  
    AC18                 IBUF                         0.000     0.000 r  clk_IBUF_inst/O
                         net (fo=3, routed)           0.503     0.503    u_clk_wiz/u_clk_wiz_0/inst/clk_in1
    MMCME2_ADV_X1Y0      MMCME2_ADV (Prop_mmcme2_adv_CLKIN1_CLKOUT0)
                                                     -2.994    -2.491 r  u_clk_wiz/u_clk_wiz_0/inst/mmcm_adv_inst/CLKOUT0
                         net (fo=1, routed)           0.931    -1.560    u_clk_wiz/u_clk_wiz_0/inst/clk_out1_clk_wiz_0
    BUFGCTRL_X0Y0        BUFG (Prop_bufg_I_O)         0.026    -1.534 r  u_clk_wiz/u_clk_wiz_0/inst/clkout1_buf/O
                         net (fo=548, routed)         0.633    -0.901    u_keypad/clk_out1
    SLICE_X15Y55         FDCE                                         r  u_keypad/db_cnt_right_down_reg[0]/C
  -------------------------------------------------------------------    -------------------
    SLICE_X15Y55         FDCE (Prop_fdce_C_Q)         0.100    -0.801 r  u_keypad/db_cnt_right_down_reg[0]/Q
                         net (fo=6, routed)           0.107    -0.694    u_keypad/db_cnt_right_down_reg[0]
    SLICE_X14Y55         LUT5 (Prop_lut5_I2_O)        0.028    -0.666 r  u_keypad/kp_right_down_i_1/O
                         net (fo=1, routed)           0.000    -0.666    u_keypad/kp_right_down0
    SLICE_X14Y55         FDCE                                         r  u_keypad/kp_right_down_reg/D
  -------------------------------------------------------------------    -------------------

                         (clock clk_out1_clk_wiz_0 rise edge)
                                                      0.000     0.000 r  
    AC18                 IBUF                         0.000     0.000 r  clk_IBUF_inst/O
                         net (fo=3, routed)           0.553     0.553    u_clk_wiz/u_clk_wiz_0/inst/clk_in1
    MMCME2_ADV_X1Y0      MMCME2_ADV (Prop_mmcme2_adv_CLKIN1_CLKOUT0)
                                                     -3.440    -2.887 r  u_clk_wiz/u_clk_wiz_0/inst/mmcm_adv_inst/CLKOUT0
                         net (fo=1, routed)           0.996    -1.891    u_clk_wiz/u_clk_wiz_0/inst/clk_out1_clk_wiz_0
    BUFGCTRL_X0Y0        BUFG (Prop_bufg_I_O)         0.030    -1.861 r  u_clk_wiz/u_clk_wiz_0/inst/clkout1_buf/O
                         net (fo=548, routed)         0.853    -1.008    u_keypad/clk_out1
    SLICE_X14Y55         FDCE                                         r  u_keypad/kp_right_down_reg/C
                         clock pessimism              0.118    -0.890    
    SLICE_X14Y55         FDCE (Hold_fdce_C_D)         0.087    -0.803    u_keypad/kp_right_down_reg
  -------------------------------------------------------------------
                         required time                          0.803    
                         arrival time                          -0.666    
  -------------------------------------------------------------------
                         slack                                  0.137    





Pulse Width Checks
--------------------------------------------------------------------------------------
Clock Name:         clk_out1_clk_wiz_0
Waveform(ns):       { 0.000 19.862 }
Period(ns):         39.724
Sources:            { u_clk_wiz/u_clk_wiz_0/inst/mmcm_adv_inst/CLKOUT0 }

Check Type        Corner  Lib Pin             Reference Pin  Required(ns)  Actual(ns)  Slack(ns)  Location         Pin
Min Period        n/a     BUFG/I              n/a            1.408         39.724      38.315     BUFGCTRL_X0Y0    u_clk_wiz/u_clk_wiz_0/inst/clkout1_buf/I
Min Period        n/a     MMCME2_ADV/CLKOUT0  n/a            1.071         39.724      38.653     MMCME2_ADV_X1Y0  u_clk_wiz/u_clk_wiz_0/inst/mmcm_adv_inst/CLKOUT0
Min Period        n/a     FDCE/C              n/a            0.750         39.724      38.974     SLICE_X17Y43     u_game_logic/ball_dy_reg[1]/C
Min Period        n/a     FDCE/C              n/a            0.750         39.724      38.974     SLICE_X18Y45     u_game_logic/ball_dy_reg[7]/C
Min Period        n/a     FDCE/C              n/a            0.750         39.724      38.974     SLICE_X16Y36     u_game_logic/score_timer_reg[15]/C
Min Period        n/a     FDCE/C              n/a            0.750         39.724      38.974     SLICE_X15Y36     u_game_logic/score_timer_reg[16]/C
Min Period        n/a     FDCE/C              n/a            0.750         39.724      38.974     SLICE_X15Y36     u_game_logic/score_timer_reg[18]/C
Min Period        n/a     FDCE/C              n/a            0.750         39.724      38.974     SLICE_X15Y36     u_game_logic/score_timer_reg[19]/C
Min Period        n/a     FDCE/C              n/a            0.750         39.724      38.974     SLICE_X15Y34     u_game_logic/score_timer_reg[1]/C
Min Period        n/a     FDCE/C              n/a            0.750         39.724      38.974     SLICE_X15Y34     u_game_logic/score_timer_reg[3]/C
Max Period        n/a     MMCME2_ADV/CLKOUT0  n/a            213.360       39.724      173.636    MMCME2_ADV_X1Y0  u_clk_wiz/u_clk_wiz_0/inst/mmcm_adv_inst/CLKOUT0
Low Pulse Width   Slow    FDCE/C              n/a            0.400         19.862      19.462     SLICE_X21Y40     u_powerup/cooldown_cnt_reg[3]/C
Low Pulse Width   Slow    FDCE/C              n/a            0.400         19.862      19.462     SLICE_X21Y40     u_powerup/cooldown_cnt_reg[6]/C
Low Pulse Width   Slow    FDCE/C              n/a            0.400         19.862      19.462     SLICE_X21Y40     u_powerup/cooldown_cnt_reg[8]/C
Low Pulse Width   Slow    FDCE/C              n/a            0.400         19.862      19.462     SLICE_X10Y37     u_game_logic/score_left_reg[1]/C
Low Pulse Width   Slow    FDCE/C              n/a            0.400         19.862      19.462     SLICE_X10Y38     u_game_logic/score_right_reg[1]/C
Low Pulse Width   Slow    FDCE/C              n/a            0.400         19.862      19.462     SLICE_X20Y41     u_powerup/powerup_x_reg[9]/C
Low Pulse Width   Slow    FDCE/C              n/a            0.400         19.862      19.462     SLICE_X21Y41     u_powerup/prev_side_left_reg/C
Low Pulse Width   Slow    FDCE/C              n/a            0.400         19.862      19.462     SLICE_X17Y43     u_game_logic/ball_dy_reg[1]/C
Low Pulse Width   Slow    FDCE/C              n/a            0.400         19.862      19.462     SLICE_X16Y36     u_game_logic/score_timer_reg[15]/C
Low Pulse Width   Slow    FDCE/C              n/a            0.400         19.862      19.462     SLICE_X15Y36     u_game_logic/score_timer_reg[16]/C
High Pulse Width  Slow    FDCE/C              n/a            0.350         19.862      19.512     SLICE_X13Y28     u_buzzer/timer_reg[0]/C
High Pulse Width  Fast    FDCE/C              n/a            0.350         19.862      19.512     SLICE_X13Y28     u_buzzer/timer_reg[0]/C
High Pulse Width  Slow    FDCE/C              n/a            0.350         19.862      19.512     SLICE_X13Y31     u_buzzer/timer_reg[12]/C
High Pulse Width  Slow    FDCE/C              n/a            0.350         19.862      19.512     SLICE_X13Y31     u_buzzer/timer_reg[13]/C
High Pulse Width  Slow    FDCE/C              n/a            0.350         19.862      19.512     SLICE_X13Y31     u_buzzer/timer_reg[14]/C
High Pulse Width  Slow    FDCE/C              n/a            0.350         19.862      19.512     SLICE_X13Y31     u_buzzer/timer_reg[15]/C
High Pulse Width  Slow    FDCE/C              n/a            0.350         19.862      19.512     SLICE_X13Y32     u_buzzer/timer_reg[16]/C
High Pulse Width  Slow    FDCE/C              n/a            0.350         19.862      19.512     SLICE_X18Y46     u_game_logic/ball_dy_reg[10]/C
High Pulse Width  Slow    FDCE/C              n/a            0.350         19.862      19.512     SLICE_X17Y46     u_game_logic/ball_dy_reg[4]/C
High Pulse Width  Slow    FDCE/C              n/a            0.350         19.862      19.512     SLICE_X17Y46     u_game_logic/ball_dy_reg[5]/C



---------------------------------------------------------------------------------------------------
From Clock:  clkfbout_clk_wiz_0
  To Clock:  clkfbout_clk_wiz_0

Setup :           NA  Failing Endpoints,  Worst Slack           NA  ,  Total Violation           NA
Hold  :           NA  Failing Endpoints,  Worst Slack           NA  ,  Total Violation           NA
PW    :            0  Failing Endpoints,  Worst Slack       18.591ns,  Total Violation        0.000ns
---------------------------------------------------------------------------------------------------


Pulse Width Checks
--------------------------------------------------------------------------------------
Clock Name:         clkfbout_clk_wiz_0
Waveform(ns):       { 0.000 10.000 }
Period(ns):         20.000
Sources:            { u_clk_wiz/u_clk_wiz_0/inst/mmcm_adv_inst/CLKFBOUT }

Check Type  Corner  Lib Pin              Reference Pin  Required(ns)  Actual(ns)  Slack(ns)  Location         Pin
Min Period  n/a     BUFG/I               n/a            1.408         20.000      18.591     BUFGCTRL_X0Y1    u_clk_wiz/u_clk_wiz_0/inst/clkf_buf/I
Min Period  n/a     MMCME2_ADV/CLKFBOUT  n/a            1.071         20.000      18.929     MMCME2_ADV_X1Y0  u_clk_wiz/u_clk_wiz_0/inst/mmcm_adv_inst/CLKFBOUT
Min Period  n/a     MMCME2_ADV/CLKFBIN   n/a            1.071         20.000      18.929     MMCME2_ADV_X1Y0  u_clk_wiz/u_clk_wiz_0/inst/mmcm_adv_inst/CLKFBIN
Max Period  n/a     MMCME2_ADV/CLKFBIN   n/a            100.000       20.000      80.000     MMCME2_ADV_X1Y0  u_clk_wiz/u_clk_wiz_0/inst/mmcm_adv_inst/CLKFBIN
Max Period  n/a     MMCME2_ADV/CLKFBOUT  n/a            213.360       20.000      193.360    MMCME2_ADV_X1Y0  u_clk_wiz/u_clk_wiz_0/inst/mmcm_adv_inst/CLKFBOUT



